ClipId	Gram	Prag	Herit	Vocab
AF002_1989_EP_SU2011_AD_01	Det,Det:Art,Det:Demo,Imperf,Indefinido,MSub,MSub:Pret,Prep,Prep:Por,Pron,Pron:Objeto,Pron:Sujeto,SerEstar,SerEstar:Ser,Gustar,Gustar:Propios,PerfPerif	MarcadoresDisc,MarcadoresDisc:Causa,MarcadoresDisc:Igualdad,MarcadoresDisc:Revision,RecuDiscurso,RecuDiscurso:GanarTiempo,MarcadoresDisc,MarcadoresDisc:Igualdad,MarcadoresDisc:Revision		Entities,Entities:Geo
AF002_1989_EP_SU2011_AD_02	Det,Det:Art,Det:Demo,Prep,Prep:Por,Pron,Pron:Objeto,Pron:Sujeto,SerEstar,SerEstar:Estar,SerEstar:Ser	MarcadoresDisc,MarcadoresDisc:Causa,MarcadoresDisc:Igualdad,MarcadoresDisc:Revision,RecuDiscurso,RecuDiscurso:GanarTiempo,MarcadoresDisc,MarcadoresDisc:Igualdad		Entities,Entities:Geo
AF002_1989_EP_SU2011_AD_03	Det,Det:Art,Det:Demo,Gustar,Gustar:Interlocutor,Imperf,Indefinido,Prep,Prep:Para,Prep:Por,Pron,Pron:Objeto,Pron:Sujeto,SerEstar,SerEstar:Estar,SerEstar:Ser,Gustar,Gustar:Propios,PerfPerif	MarcadoresDisc,MarcadoresDisc:Causa,MarcadoresDisc:Igualdad,MarcadoresDisc:Revision,RecuDiscurso,RecuDiscurso:GanarTiempo		Entities,Entities:Geo,Fraseol,Fraseol:VerbPrep
AF002_1989_EP_SU2011_AD_04	Det,Det:Art,Prep,Pron,Pron:Objeto,SerEstar,SerEstar:Ser	MarcadoresDisc,MarcadoresDisc:Igualdad,MarcadoresDisc:Revision		
AF002_1989_EP_SU2011_AD_05	Det,Det:Art,Haber,Haber:Exist,Imperf,Indefinido,MSub,MSub:Pret,Prep,Prep:Para,Pron,Pron:Objeto,Pron:Otros,Pron:Sujeto,SerEstar,SerEstar:Ser,MSub,MSub:Pres	MarcadoresDisc,MarcadoresDisc:Causa,MarcadoresDisc:Revision,MarcadoresDisc,MarcadoresDisc:Revision		
AF002_1989_EP_SU2011_AD_06	Det,Det:Art,Imperf,Indefinido,Prep,Pron,Pron:Objeto,SerEstar,SerEstar:Estar,SerEstar:Ser	MarcadoresDisc,MarcadoresDisc:Revision		
AF002_1989_EP_SU2011_AD_07	Det,Det:Art,Indefinido,Prep,PerfPerif			
AF002_1989_EP_SU2011_AD_08	Det,Det:Art,Det:Demo,Imperf,MSub,MSub:Pres,Prep,Pron,Pron:Objeto,Pron:Sujeto,SerEstar,SerEstar:Estar,SerEstar:Ser,Gustar,Gustar:Ajenos,Gustar:Propios,PerfPerif	MarcadoresDisc,MarcadoresDisc:Causa,MarcadoresDisc:Igualdad,MarcadoresDisc:Revision,RecuDiscurso,RecuDiscurso:GanarTiempo,MarcadoresDisc,MarcadoresDisc:Revision		
AF002_1989_EP_SU2011_AD_09	Det,Det:Art,Gustar,Gustar:Interlocutor,Indefinido,Prep,Prep:Para,Pron,Pron:Objeto,SerEstar,SerEstar:Ser,MSub,MSub:Pres	MarcadoresDisc,MarcadoresDisc:Igualdad,MarcadoresDisc:Revision,RecuDiscurso,RecuDiscurso:GanarTiempo		
AF002_1989_EP_SU2011_AD_10	Det,Det:Art,Det:Demo,Haber,Haber:Exist,MSub,MSub:Pres,Prep,Prep:Por,Pron,Pron:Objeto,Pron:Sujeto,SerEstar,SerEstar:Estar,SerEstar:Ser,Gustar,Gustar:Ajenos	MarcadoresDisc,MarcadoresDisc:Causa,MarcadoresDisc:Igualdad,MarcadoresDisc:Revision,RecuDiscurso,RecuDiscurso:GanarTiempo		Fraseol,Fraseol:VerbPrep
AF002_1989_EP_SU2011_AD_11	Det,Det:Art,Det:Demo,Haber,Haber:Exist,Imperf,Indefinido,MSub,MSub:Pres,Prep,Prep:Para,Prep:Por,Pron,Pron:Objeto,Pron:Otros,Pron:Sujeto,SerEstar,SerEstar:Estar,SerEstar:Ser	MarcadoresDisc,MarcadoresDisc:Causa,MarcadoresDisc:Igualdad,MarcadoresDisc:Revision,RecuDiscurso,RecuDiscurso:GanarTiempo,MarcadoresDisc,MarcadoresDisc:Igualdad,MarcadoresDisc:Revision		
AF002_1989_EP_SU2011_AD_12	Det,Det:Art,Haber,Haber:Exist,Prep,Prep:Para,Prep:Por,Pron,Pron:Objeto,Pron:Sujeto,SerEstar,SerEstar:Estar,SerEstar:Ser,PerfPerif	MarcadoresDisc,MarcadoresDisc:Causa,MarcadoresDisc:Igualdad,MarcadoresDisc:Revision,RecuDiscurso,RecuDiscurso:GanarTiempo		Entities,Entities:Geo
AF002_1989_EP_SU2011_AD_13	Det,Det:Art,Indefinido,Prep,Pron,Pron:Objeto,Pron:Sujeto,SerEstar,SerEstar:Ser,PerfPerif	MarcadoresDisc,MarcadoresDisc:Revision,RecuDiscurso,RecuDiscurso:GanarTiempo,MarcadoresDisc,MarcadoresDisc:Igualdad,MarcadoresDisc:Revision		
AF002_1989_EP_SU2011_AD_14	Det,Det:Art,Det:Demo,Prep,Pron,Pron:Objeto,Pron:Otros,Pron:Sujeto,SerEstar,SerEstar:Ser,PerfPerif	MarcadoresDisc,MarcadoresDisc:Causa,MarcadoresDisc:Igualdad,MarcadoresDisc:Revision		Entities,Entities:Geo
AF002_1989_EP_SU2011_AD_15	Det,Det:Art,Det:Demo,MSub,MSub:Pres,Prep,Prep:Para,Pron,Pron:Objeto,Pron:Sujeto,SerEstar,SerEstar:Ser	MarcadoresDisc,MarcadoresDisc:Causa		
AF002_1989_EP_SU2011_AD_16	Det,Det:Art,MSub,MSub:Pres,Prep,Prep:Para,Prep:Por,Pron,Pron:Sujeto,SerEstar,SerEstar:Ser	MarcadoresDisc,MarcadoresDisc:Causa,MarcadoresDisc:Revision,RecuDiscurso,RecuDiscurso:GanarTiempo		
AF002_1989_EP_SU2011_AD_17	Det,Det:Art,Det:Demo,Haber,Haber:Exist,Imperf,Indefinido,MSub,MSub:Pres,MSub:Pret,Prep,Prep:Por,Pron,Pron:Objeto,Pron:Sujeto,SerEstar,SerEstar:Estar,SerEstar:Ser,PerfPerif,Pron,Pron:ObjetoDoble	MarcadoresDisc,MarcadoresDisc:Causa,MarcadoresDisc:Igualdad,MarcadoresDisc:Revision,RecuDiscurso,RecuDiscurso:GanarTiempo		Entities,Entities:Geo,Fraseol,Fraseol:VerbPrep
AF002_1989_EP_SU2011_AD_18	Prep			
AF003_1992_EP_SU2011_AD_01	Det,Det:Art,Imperf,Indefinido,MSub,MSub:Pres,Prep,Prep:Para,Pron,Pron:Objeto,Pron:Sujeto,SerEstar,SerEstar:Ser,Gustar,Gustar:Propios	MarcadoresDisc,MarcadoresDisc:Igualdad,MarcadoresDisc:Revision,RecuDiscurso,RecuDiscurso:GanarTiempo		Entities,Entities:Geo
AF003_1992_EP_SU2011_AD_02	Prep,Pron,Pron:Objeto,Pron:Otros,Pron:Sujeto,SerEstar,SerEstar:Ser	MarcadoresDisc,MarcadoresDisc:Igualdad		
AF003_1992_EP_SU2011_AD_03	Det,Det:Art,Imperf,Indefinido,Prep,Pron,Pron:Sujeto	RecuDiscurso,RecuDiscurso:GanarTiempo		Fraseol,Fraseol:VerbPrep
AF003_1992_EP_SU2011_AD_04	Det,Det:Art,Haber,Haber:Exist,MSub,MSub:Pres,Prep,Pron,Pron:Objeto,Pron:Otros,Pron:Sujeto,SerEstar,SerEstar:Estar,SerEstar:Ser,Gustar,Gustar:Propios	MarcadoresDisc,MarcadoresDisc:Igualdad,MarcadoresDisc:Revision,RecuDiscurso,RecuDiscurso:GanarTiempo		
AF003_1992_EP_SU2011_AD_05	Det,Det:Art,Det:Demo,Gustar,Gustar:Interlocutor,Haber,Haber:Exist,Imperf,Indefinido,MSub,MSub:Pres,MSub:Pret,Prep,Prep:Para,Prep:Por,Pron,Pron:Objeto,Pron:Otros,Pron:Sujeto,SerEstar,SerEstar:Estar,SerEstar:Ser,Gustar,Gustar:Propios,PerfPerif	MarcadoresDisc,MarcadoresDisc:Causa,MarcadoresDisc:Igualdad,MarcadoresDisc:Revision,RecuDiscurso,RecuDiscurso:GanarTiempo,MarcadoresDisc,MarcadoresDisc:Igualdad		Fraseol,Fraseol:VerbPrep
AF003_1992_EP_SU2011_AD_06	Det,Det:Art,Haber,Haber:Exist,Imperf,Indefinido,MSub,MSub:Pres,Prep,Pron,Pron:Objeto,Pron:Sujeto,SerEstar,SerEstar:Ser,MSub,MSub:Pres	MarcadoresDisc,MarcadoresDisc:Igualdad,MarcadoresDisc:Revision,RecuDiscurso,RecuDiscurso:GanarTiempo,MarcadoresDisc,MarcadoresDisc:Igualdad		
AF003_1992_EP_SU2011_AD_07	Det,Det:Art,MSub,MSub:Pres,Prep,Prep:Por,Pron,Pron:Objeto,Pron:Otros,SerEstar,SerEstar:Ser	MarcadoresDisc,MarcadoresDisc:Causa,MarcadoresDisc:Igualdad,MarcadoresDisc:Revision,MarcadoresDisc,MarcadoresDisc:Igualdad		Entities,Entities:Geo
AF003_1992_EP_SU2011_AD_08	Det,Det:Art,MSub,MSub:Pres,Prep,Prep:Para,Prep:Por,Pron,Pron:Objeto,Pron:Otros,Pron:Sujeto,SerEstar,SerEstar:Estar,SerEstar:Ser,PerfPerif	MarcadoresDisc,MarcadoresDisc:Causa,MarcadoresDisc:Igualdad,MarcadoresDisc:Revision,RecuDiscurso,RecuDiscurso:GanarTiempo,MarcadoresDisc,MarcadoresDisc:Igualdad		Fraseol,Fraseol:VerbPrep
AF003_1992_EP_SU2011_AD_09	Det,Det:Art,Det:Demo,MSub,MSub:Pres,Prep,Prep:Por,Pron,Pron:Objeto,Pron:Otros,Pron:Sujeto,SerEstar,SerEstar:Ser,PerfPerif	MarcadoresDisc,MarcadoresDisc:Causa,MarcadoresDisc:Igualdad,MarcadoresDisc:Revision,MarcadoresDisc,MarcadoresDisc:Igualdad		Fraseol,Fraseol:VerbPrep
AF003_1992_EP_SU2011_AD_10	Det,Det:Art,Haber,Haber:Exist,Imperf,Indefinido,MSub,MSub:Pres,MSub:Pret,Prep,Prep:Por,Pron,Pron:Objeto,Pron:Sujeto,SerEstar,SerEstar:Estar,SerEstar:Ser,PerfPerif	MarcadoresDisc,MarcadoresDisc:Causa,MarcadoresDisc:Revision,RecuDiscurso,RecuDiscurso:GanarTiempo,MarcadoresDisc,MarcadoresDisc:Igualdad		
AF003_1992_EP_SU2011_AD_11	Det,Det:Art,Det:Demo,Indefinido,Prep,Prep:Para,Pron,Pron:Objeto,Pron:Otros,Pron:Sujeto,SerEstar,SerEstar:Ser,Gustar,Gustar:Propios,PerfPerif	MarcadoresDisc,MarcadoresDisc:Causa,MarcadoresDisc:Igualdad,MarcadoresDisc:Revision,RecuDiscurso,RecuDiscurso:GanarTiempo,MarcadoresDisc,MarcadoresDisc:Igualdad		
AF003_1992_EP_SU2011_AD_12	Det,Det:Art,Det:Demo,MSub,MSub:Pret,Prep,Pron,Pron:Objeto,Pron:Sujeto,SerEstar,SerEstar:Ser,Gustar,Gustar:Propios	MarcadoresDisc,MarcadoresDisc:Revision,RecuDiscurso,RecuDiscurso:GanarTiempo,MarcadoresDisc,MarcadoresDisc:Igualdad		Entities,Entities:Geo
AF003_1992_EP_SU2011_AD_13	Det,Det:Art,Haber,Haber:Exist,Imperf,Indefinido,MSub,MSub:Pres,MSub:Pret,Prep,Prep:Para,Prep:Por,Pron,Pron:Objeto,Pron:Otros,Pron:Sujeto,SerEstar,SerEstar:Estar,SerEstar:Ser,Gustar,Gustar:Propios,PerfPerif	MarcadoresDisc,MarcadoresDisc:Causa,MarcadoresDisc:Igualdad,MarcadoresDisc:Revision,RecuDiscurso,RecuDiscurso:GanarTiempo,MarcadoresDisc,MarcadoresDisc:Igualdad		Fraseol,Fraseol:VerbPrep
AF004_1991_EP_SU2011_AD_01	Det,Det:Art,Imperf,Indefinido,Pron,Pron:Objeto,Pron:Sujeto,SerEstar,SerEstar:Estar,SerEstar:Ser			
AF004_1991_EP_SU2011_AD_02	Det,Det:Art,Imperf,Indefinido,Prep,Pron,Pron:Objeto,Pron:Otros,Pron:Sujeto,SerEstar,SerEstar:Estar,SerEstar:Ser	MarcadoresDisc,MarcadoresDisc:Causa		
AF004_1991_EP_SU2011_AD_03	Det,Det:Art,Imperf,Indefinido,MSub,MSub:Pres,Prep,Pron,Pron:Objeto,Pron:Sujeto,SerEstar,SerEstar:Estar,SerEstar:Ser	MarcadoresDisc,MarcadoresDisc:Causa,MarcadoresDisc:Igualdad		
AF004_1991_EP_SU2011_AD_04	Indefinido,Prep,Prep:Para,Pron,Pron:Objeto,Pron:Sujeto,SerEstar,SerEstar:Ser	MarcadoresDisc,MarcadoresDisc:Causa,MarcadoresDisc:Igualdad,MarcadoresDisc:Revision		
AF004_1991_EP_SU2011_AD_05	Det,Det:Art,Prep,Pron,Pron:Objeto,SerEstar,SerEstar:Estar			
AF004_1991_EP_SU2011_AD_06	Det,Det:Art,Imperf,Indefinido,MSub,MSub:Pres,Prep,Pron,Pron:Objeto,Pron:Sujeto,SerEstar,SerEstar:Estar,SerEstar:Ser,PerfPerif	MarcadoresDisc,MarcadoresDisc:Revision		
AF006_1968_EP_SU2011_AD_01	Det,Det:Art,Imperf,Indefinido,MSub,MSub:Pret,Prep,Prep:Para,SerEstar,SerEstar:Ser	MarcadoresDisc,MarcadoresDisc:Revision,MarcadoresDisc,MarcadoresDisc:Igualdad		Entities,Entities:Geo
AF006_1968_EP_SU2011_AD_02	Det,Det:Art,Imperf,Indefinido,Prep,Pron,Pron:Objeto,Pron:Sujeto,SerEstar,SerEstar:Estar,SerEstar:Ser,Gustar,Gustar:Ajenos	MarcadoresDisc,MarcadoresDisc:Causa,MarcadoresDisc:Revision		
AF006_1968_EP_SU2011_AD_03	Det,Det:Art,Imperf,Prep,Pron,Pron:Objeto,Pron:Sujeto,SerEstar,SerEstar:Ser			Entities,Entities:Geo
AF006_1968_EP_SU2011_AD_04	Det,Det:Art,Haber,Haber:Exist,Prep,SerEstar,SerEstar:Estar,SerEstar:Ser	MarcadoresDisc,MarcadoresDisc:Revision		
AF006_1968_EP_SU2011_AD_05	Det,Det:Art,Gustar,Gustar:Interlocutor,Haber,Haber:Exist,Imperf,Prep,Prep:Para,Pron,Pron:Objeto,Pron:Otros,Pron:Sujeto,SerEstar,SerEstar:Ser	MarcadoresDisc,MarcadoresDisc:Causa		
AF006_1968_EP_SU2011_AD_06	Det,Det:Art,Gustar,Gustar:Interlocutor,Haber,Haber:Exist,Imperf,Indefinido,MSub,MSub:Pret,Prep,Pron,Pron:Objeto,Pron:Sujeto,SerEstar,SerEstar:Estar,SerEstar:Ser,Gustar,Gustar:Propios,MSub,MSub:Pres	MarcadoresDisc,MarcadoresDisc:Causa,MarcadoresDisc:Revision		
AF006_1968_EP_SU2011_AD_07	Det,Det:Art,Imperf,Indefinido,Prep,Pron,Pron:Objeto,Pron:Sujeto,SerEstar,SerEstar:Estar,SerEstar:Ser,Gustar,Gustar:Propios	MarcadoresDisc,MarcadoresDisc:Causa,MarcadoresDisc:Revision		
AF006_1968_EP_SU2011_AD_08	Det,Det:Art,Imperf,Indefinido,MSub,MSub:Pres,MSub:Pret,Prep,Prep:Por,Pron,Pron:Objeto,Pron:Sujeto,SerEstar,SerEstar:Estar,SerEstar:Ser,Gustar,Gustar:Propios	MarcadoresDisc,MarcadoresDisc:Causa,MarcadoresDisc:Revision		
AF006_1968_EP_SU2011_AD_09	Det,Det:Art,Prep,Pron,Pron:Objeto,Pron:Otros,Pron:Sujeto,SerEstar,SerEstar:Ser,PerfPerif	MarcadoresDisc,MarcadoresDisc:Causa,MarcadoresDisc:Revision		
AF006_1968_EP_SU2011_AD_10	Det,Det:Art,Indefinido,Prep,Pron,Pron:Objeto,Pron:Sujeto,SerEstar,SerEstar:Estar,SerEstar:Ser			
AF006_1968_EP_SU2011_AD_11	Det,Det:Art,Haber,Haber:Exist,Imperf,Indefinido,MSub,MSub:Pres,Prep,Pron,Pron:Objeto,Pron:Sujeto,SerEstar,SerEstar:Estar,SerEstar:Ser,PerfPerif	MarcadoresDisc,MarcadoresDisc:Causa,MarcadoresDisc:Igualdad,MarcadoresDisc:Revision		
AF006_1968_EP_SU2011_AD_12	Det,Det:Art,Haber,Haber:Exist,MSub,MSub:Pres,MSub:Pret,Prep,Prep:Para,Prep:Por,Pron,Pron:Objeto,Pron:Otros,Pron:Sujeto,SerEstar,SerEstar:Estar,SerEstar:Ser	MarcadoresDisc,MarcadoresDisc:Causa,MarcadoresDisc:Revision		Fraseol,Fraseol:VerbPrep
AF006_1968_EP_SU2011_AD_13	Det,Det:Art,MSub,MSub:Pret,Prep,Prep:Para,Prep:Por,Pron,Pron:Objeto,Pron:Sujeto,SerEstar,SerEstar:Estar,SerEstar:Ser,Gustar,Gustar:Propios,PerfPerif	MarcadoresDisc,MarcadoresDisc:Causa,MarcadoresDisc:Igualdad,MarcadoresDisc:Revision		
AF006_1968_EP_SU2011_AD_14	Det,Det:Art,Haber,Haber:Exist,Prep,Prep:Por,Pron,Pron:Objeto,Pron:Sujeto,SerEstar,SerEstar:Estar	MarcadoresDisc,MarcadoresDisc:Revision		Fraseol,Fraseol:VerbPrep
AF006_1968_EP_SU2011_AD_15	Det,Det:Art,Det:Demo,Haber,Haber:Exist,Imperf,Prep,Pron,Pron:Objeto,Pron:Sujeto,SerEstar,SerEstar:Estar,SerEstar:Ser	MarcadoresDisc,MarcadoresDisc:Igualdad,MarcadoresDisc:Revision,MarcadoresDisc,MarcadoresDisc:Igualdad		
AF006_1968_EP_SU2011_AD_16	Det,Det:Art,Prep,Prep:Para,Prep:Por,Pron,Pron:Objeto,Pron:Otros,SerEstar,SerEstar:Estar,SerEstar:Ser,PerfPerif	MarcadoresDisc,MarcadoresDisc:Revision,MarcadoresDisc,MarcadoresDisc:Igualdad		Fraseol,Fraseol:VerbPrep
AF006_1968_EP_SU2011_AD_17	Det,Det:Art,Gustar,Gustar:Interlocutor,Haber,Haber:Exist,Imperf,Indefinido,MSub,MSub:Pret,Prep,Pron,Pron:Objeto,Pron:Sujeto,SerEstar,SerEstar:Ser,PerfPerif	MarcadoresDisc,MarcadoresDisc:Revision		
AF006_1968_EP_SU2011_AD_18	Det,Det:Art,Det:Demo,Gustar,Gustar:Interlocutor,Haber,Haber:Exist,Imperf,Indefinido,MSub,MSub:Pret,Prep,Prep:Para,Prep:Por,Pron,Pron:Objeto,Pron:Otros,Pron:Sujeto,SerEstar,SerEstar:Estar,SerEstar:Ser,Gustar,Gustar:Propios,PerfPerif	MarcadoresDisc,MarcadoresDisc:Causa,MarcadoresDisc:Igualdad,MarcadoresDisc:Revision		Entities,Entities:Geo
AF006_1968_EP_SU2011_AD_19	Det,Det:Art,Haber,Haber:Exist,Imperf,Indefinido,MSub,MSub:Pret,Prep,Pron,Pron:Objeto,Pron:Sujeto,SerEstar,SerEstar:Estar,SerEstar:Ser,PerfPerif	MarcadoresDisc,MarcadoresDisc:Causa,MarcadoresDisc:Igualdad,MarcadoresDisc:Revision		
AF006_1968_EP_SU2011_AD_20	Det,Det:Art,Det:Demo,Imperf,Indefinido,MSub,MSub:Pret,Prep,Pron,Pron:Objeto,Pron:Sujeto,SerEstar,SerEstar:Estar,SerEstar:Ser	MarcadoresDisc,MarcadoresDisc:Causa,MarcadoresDisc:Igualdad		
AF006_1968_EP_SU2011_AD_21	Det,Det:Art,Haber,Haber:Exist,Imperf,MSub,MSub:Pres,Prep,Pron,Pron:Objeto,Pron:Sujeto,SerEstar,SerEstar:Estar,SerEstar:Ser	MarcadoresDisc,MarcadoresDisc:Causa,MarcadoresDisc:Igualdad,MarcadoresDisc:Revision		Fraseol,Fraseol:VerbPrep
AF006_1968_EP_SU2011_AD_22	Det,Det:Art,Prep,Prep:Por,Pron,Pron:Objeto,SerEstar,SerEstar:Ser	MarcadoresDisc,MarcadoresDisc:Revision		Entities,Entities:Geo
AF009_1987_EP_SU2011_AD_01	Det,Det:Art,Gustar,Gustar:Interlocutor,Haber,Haber:Exist,Imperf,Indefinido,Prep,Prep:Por,Pron,Pron:Objeto,Pron:Otros,SerEstar,SerEstar:Estar,Gustar,Gustar:Propios	MarcadoresDisc,MarcadoresDisc:Causa,MarcadoresDisc:Revision		Entities,Entities:Geo
AF009_1987_EP_SU2011_AD_02	Det,Det:Art,Prep,Pron,Pron:Objeto,Pron:Otros,SerEstar,SerEstar:Ser	MarcadoresDisc,MarcadoresDisc:Igualdad		
AF009_1987_EP_SU2011_AD_03	Det,Det:Art,Haber,Haber:Exist,Imperf,Indefinido,MSub,MSub:Pret,Prep,Prep:Para,Prep:Por,Pron,Pron:Objeto,Pron:Sujeto,SerEstar,SerEstar:Estar,SerEstar:Ser,Gustar,Gustar:Propios	MarcadoresDisc,MarcadoresDisc:Revision		Entities,Entities:Geo
AF009_1987_EP_SU2011_AD_04	Det,Det:Art,Prep,Pron,Pron:Objeto,PerfPerif	MarcadoresDisc,MarcadoresDisc:Causa,MarcadoresDisc,MarcadoresDisc:Igualdad		Fraseol,Fraseol:VerbPrep
AF009_1987_EP_SU2011_AD_05	Det,Det:Art,Imperf,Indefinido,Prep,Pron,Pron:Objeto,Pron:Sujeto,SerEstar,SerEstar:Estar,SerEstar:Ser	MarcadoresDisc,MarcadoresDisc:Revision		Fraseol,Fraseol:VerbPrep
AF009_1987_EP_SU2011_AD_06	Det,Det:Art,Indefinido,Prep,Pron,Pron:Objeto,Pron:Sujeto,SerEstar,SerEstar:Estar,SerEstar:Ser			
AF009_1987_EP_SU2011_AD_07	Prep,Prep:Para,Pron,Pron:Sujeto,SerEstar,SerEstar:Ser	MarcadoresDisc,MarcadoresDisc:Igualdad		
AF009_1987_EP_SU2011_AD_08	Det,Det:Art,MSub,MSub:Pret,Prep,Prep:Por,Pron,Pron:Objeto,Pron:Sujeto,SerEstar,SerEstar:Estar,SerEstar:Ser,Gustar,Gustar:Propios	MarcadoresDisc,MarcadoresDisc:Causa,MarcadoresDisc:Revision		
AF009_1987_EP_SU2011_AD_09	Det,Det:Art,Det:Demo,Haber,Haber:Exist,MSub,MSub:Pret,Prep,Prep:Por,Pron,Pron:Objeto,Pron:Otros,Pron:Sujeto,SerEstar,SerEstar:Estar,SerEstar:Ser	MarcadoresDisc,MarcadoresDisc:Causa,MarcadoresDisc:Igualdad,MarcadoresDisc:Revision,MarcadoresDisc,MarcadoresDisc:Igualdad		Fraseol,Fraseol:VerbPrep
AF009_1987_EP_SU2011_AD_10	Det,Det:Art,Det:Demo,Haber,Haber:Exist,Imperf,Indefinido,MSub,MSub:Pres,Prep,Pron,Pron:Objeto,Pron:Otros,Pron:Sujeto,SerEstar,SerEstar:Ser,MSub,MSub:Pres	MarcadoresDisc,MarcadoresDisc:Causa,MarcadoresDisc:Revision,MarcadoresDisc,MarcadoresDisc:Igualdad		
AF027_1990_CT_SU2011_ER_01	Det,Det:Art,Det:Demo,Haber,Haber:Exist,Imperf,Indefinido,Prep,Prep:Por,Pron,Pron:Objeto,Pron:Otros,Pron:Sujeto,SerEstar,SerEstar:Estar,SerEstar:Ser,PerfPerif	MarcadoresDisc,MarcadoresDisc:Causa,MarcadoresDisc:Igualdad,MarcadoresDisc:Revision,RecuDiscurso,RecuDiscurso:GanarTiempo,MarcadoresDisc,MarcadoresDisc:Igualdad		
AF027_1990_CT_SU2011_ER_02	Det,Det:Art,Det:Demo,Haber,Haber:Exist,Indefinido,MSub,MSub:Pres,Prep,Prep:Por,Pron,Pron:Objeto,Pron:Otros,Pron:Sujeto,SerEstar,SerEstar:Estar,SerEstar:Ser,PerfPerif	MarcadoresDisc,MarcadoresDisc:Causa,MarcadoresDisc:Revision,RecuDiscurso,RecuDiscurso:GanarTiempo,MarcadoresDisc,MarcadoresDisc:Igualdad		
AF027_1990_CT_SU2011_ER_03	Det,Det:Art,Det:Demo,Imperf,Indefinido,Prep,Pron,Pron:Objeto,Pron:Sujeto,SerEstar,SerEstar:Ser,PerfPerif	MarcadoresDisc,MarcadoresDisc:Revision,RecuDiscurso,RecuDiscurso:GanarTiempo,MarcadoresDisc,MarcadoresDisc:Igualdad		
AF027_1990_CT_SU2011_ER_04	Det,Det:Art,Haber,Haber:Exist,Indefinido,MSub,MSub:Pres,Prep,Prep:Por,Pron,Pron:Objeto,Pron:Sujeto,SerEstar,SerEstar:Estar,SerEstar:Ser,PerfPerif	MarcadoresDisc,MarcadoresDisc:Causa,RecuDiscurso,RecuDiscurso:GanarTiempo,MarcadoresDisc,MarcadoresDisc:Igualdad		
AF027_1990_CT_SU2011_ER_05	Det,Det:Art,Det:Demo,MSub,MSub:Pres,Prep,Prep:Por,Pron,Pron:Objeto,Pron:Sujeto,SerEstar,SerEstar:Ser	MarcadoresDisc,MarcadoresDisc:Causa,MarcadoresDisc:Revision,RecuDiscurso,RecuDiscurso:GanarTiempo,MarcadoresDisc,MarcadoresDisc:Igualdad		Entities,Entities:Geo
AF027_1990_CT_SU2011_ER_06	Det,Det:Art,MSub,MSub:Pres,MSub:Pret,Prep,Pron,Pron:Objeto,Pron:Otros,Pron:Sujeto,SerEstar,SerEstar:Estar,SerEstar:Ser,Gustar,Gustar:Propios	MarcadoresDisc,MarcadoresDisc:Causa,MarcadoresDisc:Revision,MarcadoresDisc,MarcadoresDisc:Igualdad		Fraseol,Fraseol:VerbPrep
AF027_1990_CT_SU2011_ER_07	Det,Det:Art,Haber,Haber:Exist,Prep,Pron,Pron:Objeto,Pron:Otros,Pron:Sujeto,SerEstar,SerEstar:Ser,PerfPerif	MarcadoresDisc,MarcadoresDisc:Revision,RecuDiscurso,RecuDiscurso:GanarTiempo,MarcadoresDisc,MarcadoresDisc:Igualdad		
AF027_1990_CT_SU2011_ER_08	Det,Det:Art,Det:Demo,Imperf,Indefinido,MSub,MSub:Pres,MSub:Pret,Prep,Pron,Pron:Objeto,Pron:Sujeto,SerEstar,SerEstar:Estar,SerEstar:Ser,Gustar,Gustar:Otros,MSub,MSub:Pres,PerfPerif	MarcadoresDisc,MarcadoresDisc:Causa,MarcadoresDisc:Revision,MarcadoresDisc,MarcadoresDisc:Igualdad		Fraseol,Fraseol:VerbPrep
AF038_1966_CT_SU2011_ER_01	Det,Det:Art,Det:Demo,Haber,Haber:Exist,Imperf,Indefinido,Prep,Prep:Para,Prep:Por,Pron,Pron:Objeto,Pron:Sujeto,SerEstar,SerEstar:Estar,SerEstar:Ser,PerfPerif	MarcadoresDisc,MarcadoresDisc:Causa,MarcadoresDisc:Igualdad,MarcadoresDisc:Revision		Entities,Entities:Geo,Fraseol,Fraseol:VerbPrep
AF038_1966_CT_SU2011_ER_02	Det,Det:Art,Haber,Haber:Exist,Indefinido,MSub,MSub:Pres,MSub:Pret,Prep,Prep:Por,Pron,Pron:Objeto,Pron:Otros,Pron:Sujeto,SerEstar,SerEstar:Estar,SerEstar:Ser,Gustar,Gustar:Ajenos,PerfPerif	MarcadoresDisc,MarcadoresDisc:Causa,MarcadoresDisc:Revision,RecuDiscurso,RecuDiscurso:GanarTiempo,MarcadoresDisc,MarcadoresDisc:Igualdad		Fraseol,Fraseol:VerbPrep
AF038_1966_CT_SU2011_ER_03	Det,Det:Art,Imperf,Indefinido,MSub,MSub:Pret,Prep,Prep:Para,Pron,Pron:Objeto,Pron:Sujeto,SerEstar,SerEstar:Estar,SerEstar:Ser	MarcadoresDisc,MarcadoresDisc:Revision		Entities,Entities:Geo,Fraseol,Fraseol:VerbPrep
AF038_1966_CT_SU2011_ER_04	Det,Det:Art,Imperf,Indefinido,MSub,MSub:Pres,MSub:Pret,Prep,Prep:Para,Pron,Pron:Objeto,Pron:Otros,SerEstar,SerEstar:Estar,SerEstar:Ser	MarcadoresDisc,MarcadoresDisc:Causa,MarcadoresDisc:Igualdad,MarcadoresDisc:Revision,RecuDiscurso,RecuDiscurso:GanarTiempo		Entities,Entities:Geo,Fraseol,Fraseol:VerbPrep
AF038_1966_CT_SU2011_ER_05	Det,Det:Art,Det:Demo,Imperf,Indefinido,MSub,MSub:Pres,MSub:Pret,Prep,Prep:Para,Prep:Por,Pron,Pron:Objeto,Pron:Otros,Pron:Sujeto,SerEstar,SerEstar:Estar,SerEstar:Ser,PerfPerif	MarcadoresDisc,MarcadoresDisc:Causa,MarcadoresDisc:Igualdad,MarcadoresDisc:Revision,RecuDiscurso,RecuDiscurso:GanarTiempo,MarcadoresDisc,MarcadoresDisc:Igualdad		Fraseol,Fraseol:VerbPrep
AF038_1966_CT_SU2011_ER_06	Det,Det:Art,Imperf,Indefinido,MSub,MSub:Pres,MSub:Pret,Prep,Pron,Pron:Objeto,Pron:Sujeto,SerEstar,SerEstar:Estar,SerEstar:Ser,PerfPerif	MarcadoresDisc,MarcadoresDisc:Causa,MarcadoresDisc:Revision		Entities,Entities:Geo,Fraseol,Fraseol:VerbPrep
AF038_1966_CT_SU2011_ER_07	Det,Det:Art,Haber,Haber:Exist,MSub,MSub:Pres,Prep,Prep:Para,Pron,Pron:Objeto,SerEstar,SerEstar:Estar,PerfPerif			
AF038_1966_CT_SU2011_ER_08	Det,Det:Art,Imperf,Indefinido,Prep,Pron,Pron:Sujeto,SerEstar,SerEstar:Estar,SerEstar:Ser,PerfPerif	RecuDiscurso,RecuDiscurso:GanarTiempo		Entities,Entities:Geo
AF038_1966_CT_SU2011_ER_10	Det,Det:Art,Indefinido,Prep,Pron,Pron:Objeto,Pron:Otros,Pron:Sujeto,SerEstar,SerEstar:Estar,PerfPerif	MarcadoresDisc,MarcadoresDisc:Igualdad,MarcadoresDisc:Revision,RecuDiscurso,RecuDiscurso:GanarTiempo,MarcadoresDisc,MarcadoresDisc:Igualdad		Fraseol,Fraseol:VerbPrep
AF044_1986_CT_SU2011_ER_01	Pron,Pron:Objeto,SerEstar,SerEstar:Ser,Gustar,Gustar:Propios	MarcadoresDisc,MarcadoresDisc:Revision		
AF044_1986_CT_SU2011_ER_02	Prep,Pron,Pron:Sujeto,SerEstar,SerEstar:Ser			
AF044_1986_CT_SU2011_ER_03	Det,Det:Art,Haber,Haber:Exist,Imperf,Indefinido,MSub,MSub:Pret,Prep,Pron,Pron:Objeto,Pron:Sujeto,SerEstar,SerEstar:Estar,SerEstar:Ser	MarcadoresDisc,MarcadoresDisc:Causa,MarcadoresDisc:Igualdad,MarcadoresDisc:Revision,MarcadoresDisc,MarcadoresDisc:Igualdad		
AF044_1986_CT_SU2011_ER_04	Det,Det:Art,Haber,Haber:Exist,MSub,MSub:Pres,Prep,Prep:Para,Prep:Por,SerEstar,SerEstar:Ser	MarcadoresDisc,MarcadoresDisc:Igualdad		
AF044_1986_CT_SU2011_ER_05	Prep,SerEstar,SerEstar:Ser	MarcadoresDisc,MarcadoresDisc:Causa		
AF046_1992_CT_SU2011_ER_01	Det,Det:Art,Imperf,Indefinido,MSub,MSub:Pret,Prep,Prep:Para,Prep:Por,Pron,Pron:Objeto,Pron:Sujeto,SerEstar,SerEstar:Estar,SerEstar:Ser,PerfPerif	MarcadoresDisc,MarcadoresDisc:Igualdad,MarcadoresDisc:Revision,RecuDiscurso,RecuDiscurso:GanarTiempo,MarcadoresDisc,MarcadoresDisc:Igualdad		Entities,Entities:Geo
AF046_1992_CT_SU2011_ER_02	Det,Det:Art,Haber,Haber:Exist,Imperf,Indefinido,MSub,MSub:Pres,MSub:Pret,Prep,Prep:Para,Prep:Por,Pron,Pron:Objeto,Pron:Otros,Pron:Sujeto,SerEstar,SerEstar:Estar,SerEstar:Ser,PerfPerif	MarcadoresDisc,MarcadoresDisc:Causa,MarcadoresDisc:Igualdad,MarcadoresDisc:Revision,RecuDiscurso,RecuDiscurso:GanarTiempo,MarcadoresDisc,MarcadoresDisc:Igualdad		Entities,Entities:Geo,Fraseol,Fraseol:VerbPrep
AF046_1992_CT_SU2011_ER_03	Det,Det:Art,Haber,Haber:Exist,Imperf,Indefinido,MSub,MSub:Pres,Prep,Prep:Para,Prep:Por,Pron,Pron:Objeto,Pron:Otros,Pron:Sujeto,SerEstar,SerEstar:Estar,SerEstar:Ser,Gustar,Gustar:Ajenos,PerfPerif	MarcadoresDisc,MarcadoresDisc:Causa,MarcadoresDisc,MarcadoresDisc:Igualdad		Entities,Entities:Geo,Fraseol,Fraseol:VerbPrep
AF046_1992_CT_SU2011_ER_04	Det,Det:Art,Imperf,Prep,Prep:Por,Pron,Pron:Objeto,Pron:Sujeto,SerEstar,SerEstar:Estar,SerEstar:Ser,PerfPerif	MarcadoresDisc,MarcadoresDisc:Igualdad,MarcadoresDisc:Revision		
AF046_1992_CT_SU2011_ER_05	Det,Det:Art,Prep,Pron,Pron:Objeto,Pron:Sujeto,SerEstar,SerEstar:Estar,SerEstar:Ser,Gustar,Gustar:Ajenos,PerfPerif	MarcadoresDisc,MarcadoresDisc:Causa		Fraseol,Fraseol:VerbPrep
AF046_1992_CT_SU2011_ER_06	Det,Det:Art,Det:Demo,Prep,Prep:Para,Pron,Pron:Objeto,Pron:Otros,Pron:Sujeto,SerEstar,SerEstar:Estar,SerEstar:Ser,PerfPerif	MarcadoresDisc,MarcadoresDisc:Causa,MarcadoresDisc:Revision,MarcadoresDisc,MarcadoresDisc:Igualdad		
AF046_1992_CT_SU2011_ER_07	Det,Det:Art,Det:Demo,Haber,Haber:Exist,Indefinido,MSub,MSub:Pres,MSub:Pret,Prep,Prep:Para,Prep:Por,Pron,Pron:Objeto,Pron:Otros,Pron:Sujeto,SerEstar,SerEstar:Estar,SerEstar:Ser,PerfPerif	MarcadoresDisc,MarcadoresDisc:Causa,MarcadoresDisc:Revision,RecuDiscurso,RecuDiscurso:GanarTiempo,MarcadoresDisc,MarcadoresDisc:Igualdad,MarcadoresDisc:Revision		Entities,Entities:Geo,Fraseol,Fraseol:VerbPrep
AF046_1992_CT_SU2011_ER_08	Det,Det:Art,MSub,MSub:Pres,Prep,Prep:Para,Pron,Pron:Objeto,Pron:Sujeto,SerEstar,SerEstar:Ser	MarcadoresDisc,MarcadoresDisc:Causa,MarcadoresDisc:Igualdad,MarcadoresDisc:Revision,MarcadoresDisc,MarcadoresDisc:Igualdad		
AF046_1992_CT_SU2011_ER_09	Det,Det:Art,Gustar,Gustar:Interlocutor,Haber,Haber:Exist,Imperf,Indefinido,MSub,MSub:Pret,Prep,Prep:Para,Prep:Por,Pron,Pron:Objeto,Pron:Sujeto,SerEstar,SerEstar:Ser,PerfPerif	MarcadoresDisc,MarcadoresDisc:Causa,MarcadoresDisc:Igualdad,MarcadoresDisc:Revision,MarcadoresDisc,MarcadoresDisc:Igualdad		Fraseol,Fraseol:VerbPrep
AF046_1992_CT_SU2011_ER_10	Det,Det:Art,Haber,Haber:Exist,Imperf,Indefinido,Prep,Prep:Por,Pron,Pron:Objeto,Pron:Sujeto,SerEstar,SerEstar:Ser,MSub,MSub:Pres,PerfPerif	MarcadoresDisc,MarcadoresDisc:Causa,RecuDiscurso,RecuDiscurso:GanarTiempo		
AF046_1992_CT_SU2011_ER_11	Det,Det:Art,Haber,Haber:Exist,Imperf,Indefinido,MSub,MSub:Pres,Prep,Pron,Pron:Objeto,SerEstar,SerEstar:Ser,PerfPerif	MarcadoresDisc,MarcadoresDisc:Causa,MarcadoresDisc,MarcadoresDisc:Igualdad		
AF046_1992_CT_SU2011_ER_12	Det,Det:Art,Det:Demo,Haber,Haber:Exist,Indefinido,MSub,MSub:Pres,MSub:Pret,Prep,Prep:Para,Prep:Por,Pron,Pron:Objeto,Pron:Otros,Pron:Sujeto,SerEstar,SerEstar:Estar,SerEstar:Ser,PerfPerif	MarcadoresDisc,MarcadoresDisc:Causa,MarcadoresDisc:Revision,MarcadoresDisc,MarcadoresDisc:Igualdad		Entities,Entities:Geo
AF046_1992_CT_SU2011_ER_13	Det,Det:Art,Haber,Haber:Exist,MSub,MSub:Pret,Prep,Prep:Para,Pron,Pron:Objeto,Pron:Sujeto,SerEstar,SerEstar:Estar,SerEstar:Ser	MarcadoresDisc,MarcadoresDisc:Igualdad,MarcadoresDisc:Revision,MarcadoresDisc,MarcadoresDisc:Igualdad		Entities,Entities:Geo,Fraseol,Fraseol:VerbPrep
AF046_1992_CT_SU2011_ER_14	Det,Det:Art,Det:Demo,Haber,Haber:Exist,Indefinido,MSub,MSub:Pres,Prep,Prep:Para,Prep:Por,Pron,Pron:Objeto,Pron:Otros,Pron:Sujeto,SerEstar,SerEstar:Estar,SerEstar:Ser,PerfPerif	MarcadoresDisc,MarcadoresDisc:Causa,MarcadoresDisc:Igualdad,MarcadoresDisc:Revision		
AF050_1955_GV_FA2011_JT_01	Det,Det:Art,Gustar,Gustar:Interlocutor,Imperf,Indefinido,Prep,Prep:Para,Pron,Pron:Objeto,Pron:Otros,Pron:Sujeto,SerEstar,SerEstar:Estar,SerEstar:Ser,Gustar,Gustar:Propios,PerfPerif	MarcadoresDisc,MarcadoresDisc:Causa,RecuDiscurso,RecuDiscurso:GanarTiempo		
AF050_1955_GV_FA2011_JT_02	Det,Det:Art,Imperf,Indefinido,Prep,Pron,Pron:Objeto,Pron:Otros,Pron:Sujeto,SerEstar,SerEstar:Estar,SerEstar:Ser,PerfPerif	RecuDiscurso,RecuDiscurso:GanarTiempo		
AF050_1955_GV_FA2011_JT_03	Indefinido,Prep,Prep:Por,Pron,Pron:Objeto,Pron:Sujeto,SerEstar,SerEstar:Ser	MarcadoresDisc,MarcadoresDisc:Causa,MarcadoresDisc:Igualdad,MarcadoresDisc:Revision,MarcadoresDisc,MarcadoresDisc:Igualdad		
AF050_1955_GV_FA2011_JT_04	Det,Det:Art,Det:Demo,Haber,Haber:Exist,Imperf,Indefinido,MSub,MSub:Pret,Prep,Prep:Para,Pron,Pron:Objeto,Pron:Otros,Pron:Sujeto,SerEstar,SerEstar:Estar,SerEstar:Ser,PerfPerif	MarcadoresDisc,MarcadoresDisc:Causa,MarcadoresDisc:Revision	Contacto,Contacto:Mixtas	Fraseol,Fraseol:VerbPrep
AF050_1955_GV_FA2011_JT_05	Det,Det:Art,Det:Demo,Imperf,Indefinido,MSub,MSub:Pres,Prep,Prep:Por,Pron,Pron:Objeto,Pron:Sujeto,SerEstar,SerEstar:Ser	MarcadoresDisc,MarcadoresDisc:Causa		
AF050_1955_GV_FA2011_JT_06	Det,Det:Art,Imperf,Indefinido,MSub,MSub:Pret,Prep,Prep:Por,Pron,Pron:Objeto,Pron:Sujeto,SerEstar,SerEstar:Estar,SerEstar:Ser,MSub,MSub:Pres	MarcadoresDisc,MarcadoresDisc:Causa,MarcadoresDisc:Igualdad,MarcadoresDisc:Revision,RecuDiscurso,RecuDiscurso:GanarTiempo,MarcadoresDisc,MarcadoresDisc:Igualdad		Fraseol,Fraseol:VerbPrep
AF050_1955_GV_FA2011_JT_07	Det,Det:Art,Haber,Haber:Exist,Imperf,MSub,MSub:Pres,Prep,Pron,Pron:Objeto,Pron:Otros,Pron:Sujeto,SerEstar,SerEstar:Estar,SerEstar:Ser,PerfPerif	MarcadoresDisc,MarcadoresDisc:Causa,MarcadoresDisc:Revision		
AF050_1955_GV_FA2011_JT_08	Det,Det:Art,Det:Demo,Haber,Haber:Exist,Prep,Pron,Pron:Objeto,Pron:Sujeto,SerEstar,SerEstar:Ser,PerfPerif	MarcadoresDisc,MarcadoresDisc:Causa		
AF050_1955_GV_FA2011_JT_09	Det,Det:Art,Prep,Prep:Para,Pron,Pron:Objeto,Pron:Otros,Pron:Sujeto,SerEstar,SerEstar:Ser,PerfPerif	MarcadoresDisc,MarcadoresDisc:Causa,MarcadoresDisc:Igualdad,MarcadoresDisc:Revision		Fraseol,Fraseol:VerbPrep
AF050_1955_GV_FA2011_JT_10	Det,Det:Art,Det:Demo,Haber,Haber:Exist,Imperf,Indefinido,MSub,MSub:Pres,Prep,Prep:Para,Pron,Pron:Objeto,Pron:Otros,Pron:Sujeto,SerEstar,SerEstar:Estar,SerEstar:Ser,Gustar,Gustar:Propios,PerfPerif	MarcadoresDisc,MarcadoresDisc:Causa,MarcadoresDisc:Igualdad,MarcadoresDisc:Revision		
AF082_1991_GV_SU2012_SB_01	Det,Det:Art,Imperf,Indefinido,MSub,MSub:Pres,MSub:Pret,Prep,Prep:Para,Prep:Por,Pron,Pron:Objeto,Pron:Sujeto,SerEstar,SerEstar:Estar,SerEstar:Ser,PerfPerif	MarcadoresDisc,MarcadoresDisc:Causa,MarcadoresDisc:Igualdad,MarcadoresDisc:Revision,MarcadoresDisc,MarcadoresDisc:Igualdad		Fraseol,Fraseol:VerbPrep
AF082_1991_GV_SU2012_SB_02	Det,Det:Art,Haber,Haber:Exist,Indefinido,Prep,Prep:Para,Prep:Por,Pron,Pron:Objeto,Pron:Sujeto,SerEstar,SerEstar:Estar,SerEstar:Ser,Gustar,Gustar:Propios,PerfPerif	MarcadoresDisc,MarcadoresDisc:Causa,MarcadoresDisc:Revision,MarcadoresDisc,MarcadoresDisc:Igualdad		Fraseol,Fraseol:VerbPrep
AF082_1991_GV_SU2012_SB_03	Det,Det:Art,Haber,Haber:Exist,Imperf,Indefinido,Prep,Prep:Para,Pron,Pron:Objeto,SerEstar,SerEstar:Estar,SerEstar:Ser,PerfPerif	MarcadoresDisc,MarcadoresDisc:Causa,MarcadoresDisc:Igualdad,MarcadoresDisc:Revision		
AF082_1991_GV_SU2012_SB_04	Haber,Haber:Exist,Pron,Pron:Sujeto	MarcadoresDisc,MarcadoresDisc:Igualdad		
AF082_1991_GV_SU2012_SB_05	Prep,Pron,Pron:Otros,Pron:Sujeto			
AF082_1991_GV_SU2012_SB_06	Prep,Pron,Pron:Otros,Pron:Sujeto			
AF082_1991_GV_SU2012_SB_07				
AF082_1991_GV_SU2012_SB_08	Prep			
AF082_1991_GV_SU2012_SB_09	Prep,Pron,Pron:Otros,Pron:Sujeto	MarcadoresDisc,MarcadoresDisc:Igualdad		
AM032_1952_CT_SU2011_VA_01	Det,Det:Art,Imperf,Indefinido,MSub,MSub:Pres,Prep,Prep:Para,Prep:Por,Pron,Pron:Objeto,Pron:Otros,Pron:Sujeto,SerEstar,SerEstar:Estar,SerEstar:Ser,PerfPerif	MarcadoresDisc,MarcadoresDisc:Causa,MarcadoresDisc:Revision,MarcadoresDisc,MarcadoresDisc:Igualdad		
AM032_1952_CT_SU2011_VA_02	Det,Det:Art,Det:Demo,Haber,Haber:Exist,Imperf,Indefinido,MSub,MSub:Pres,MSub:Pret,Prep,Prep:Para,Prep:Por,Pron,Pron:Objeto,Pron:Sujeto,SerEstar,SerEstar:Estar,SerEstar:Ser,PerfPerif	MarcadoresDisc,MarcadoresDisc:Causa,MarcadoresDisc:Revision,MarcadoresDisc,MarcadoresDisc:Igualdad,MarcadoresDisc:Revision		Fraseol,Fraseol:VerbPrep
AM032_1952_CT_SU2011_VA_03	Det,Det:Art,Det:Demo,Haber,Haber:Exist,Imperf,Indefinido,MSub,MSub:Pres,Prep,Prep:Para,Prep:Por,Pron,Pron:Objeto,Pron:Otros,Pron:Sujeto,SerEstar,SerEstar:Estar,SerEstar:Ser	MarcadoresDisc,MarcadoresDisc:Causa,MarcadoresDisc:Igualdad,MarcadoresDisc:Revision,MarcadoresDisc,MarcadoresDisc:Revision		Entities,Entities:Geo,Fraseol,Fraseol:VerbPrep
AM032_1952_CT_SU2011_VA_04	Det,Det:Art,Det:Demo,Haber,Haber:Exist,Imperf,MSub,MSub:Pres,MSub:Pret,Prep,Prep:Para,Prep:Por,Pron,Pron:Objeto,Pron:Otros,Pron:Sujeto,SerEstar,SerEstar:Estar,SerEstar:Ser	MarcadoresDisc,MarcadoresDisc:Causa,MarcadoresDisc:Revision		
AM032_1952_CT_SU2011_VA_05	Det,Det:Art,Det:Demo,Haber,Haber:Exist,Imperf,Indefinido,MSub,MSub:Pres,MSub:Pret,Prep,Prep:Para,Prep:Por,Pron,Pron:Objeto,Pron:Sujeto,SerEstar,SerEstar:Estar,SerEstar:Ser,MSub,MSub:Pres	MarcadoresDisc,MarcadoresDisc:Causa,MarcadoresDisc:Revision		Fraseol,Fraseol:VerbPrep
AM032_1952_CT_SU2011_VA_06	Det,Det:Art,Det:Demo,Haber,Haber:Exist,Imperf,Indefinido,MSub,MSub:Pres,MSub:Pret,Prep,Prep:Por,Pron,Pron:Objeto,Pron:Otros,Pron:Sujeto,SerEstar,SerEstar:Estar,SerEstar:Ser,MSub,MSub:Pret	MarcadoresDisc,MarcadoresDisc:Causa,MarcadoresDisc:Revision,MarcadoresDisc,MarcadoresDisc:Igualdad		Entities,Entities:Geo
AM032_1952_CT_SU2011_VA_07	Det,Det:Art,Det:Demo,Haber,Haber:Exist,Imperf,Indefinido,MSub,MSub:Pres,MSub:Pret,Prep,Prep:Para,Prep:Por,Pron,Pron:Objeto,Pron:Sujeto,SerEstar,SerEstar:Estar,SerEstar:Ser,MSub,MSub:Pret	MarcadoresDisc,MarcadoresDisc:Causa,MarcadoresDisc:Revision,MarcadoresDisc,MarcadoresDisc:Igualdad		Entities,Entities:Geo,Fraseol,Fraseol:VerbPrep
AM032_1952_CT_SU2011_VA_08	Det,Det:Art,Det:Demo,Haber,Haber:Exist,Imperf,Indefinido,MSub,MSub:Pres,Prep,Pron,Pron:Objeto,Pron:Otros,Pron:Sujeto,SerEstar,SerEstar:Ser,MSub,MSub:Pret	MarcadoresDisc,MarcadoresDisc:Revision		
AM032_1952_CT_SU2011_VA_09	Det,Det:Art,Det:Demo,Imperf,Indefinido,MSub,MSub:Pres,Prep,Prep:Para,Pron,Pron:Objeto,Pron:Sujeto,SerEstar,SerEstar:Estar,SerEstar:Ser	MarcadoresDisc,MarcadoresDisc:Causa,MarcadoresDisc:Igualdad,MarcadoresDisc:Revision		Entities,Entities:Geo
AM032_1952_CT_SU2011_VA_10	Det,Det:Art,Det:Demo,Haber,Haber:Exist,Imperf,Indefinido,Prep,Pron,Pron:Objeto,Pron:Sujeto,SerEstar,SerEstar:Ser			
AM032_1952_CT_SU2011_VA_11	Det,Det:Art,Det:Demo,Imperf,Indefinido,MSub,MSub:Pres,Prep,Prep:Para,Pron,Pron:Objeto,Pron:Otros,Pron:Sujeto,SerEstar,SerEstar:Ser,PerfPerif	MarcadoresDisc,MarcadoresDisc:Causa,MarcadoresDisc:Igualdad,MarcadoresDisc:Revision,MarcadoresDisc,MarcadoresDisc:Revision		Fraseol,Fraseol:VerbPrep
AM041_1990_CT_SU2011_ER_01	Det,Det:Art,Imperf,Indefinido,MSub,MSub:Pres,MSub:Pret,Prep,Prep:Para,Prep:Por,Pron,Pron:Objeto,Pron:Otros,Pron:Sujeto,SerEstar,SerEstar:Estar,SerEstar:Ser,PerfPerif	MarcadoresDisc,MarcadoresDisc:Causa,MarcadoresDisc:Igualdad,MarcadoresDisc:Revision		Entities,Entities:Geo
AM041_1990_CT_SU2011_ER_02	Det,Det:Art,Pron,Pron:Sujeto,SerEstar,SerEstar:Ser	MarcadoresDisc,MarcadoresDisc:Igualdad,MarcadoresDisc:Revision		
AM041_1990_CT_SU2011_ER_03	Det,Det:Art,Gustar,Gustar:Interlocutor,Prep,Pron,Pron:Objeto,Pron:Sujeto,SerEstar,SerEstar:Estar,Gustar,Gustar:Propios			
AM041_1990_CT_SU2011_ER_04	Det,Det:Art,MSub,MSub:Pres,MSub:Pret,Prep,Prep:Para,Prep:Por,Pron,Pron:Objeto,Pron:Sujeto,SerEstar,SerEstar:Ser	MarcadoresDisc,MarcadoresDisc:Causa,MarcadoresDisc:Revision,MarcadoresDisc,MarcadoresDisc:Igualdad		
AM041_1990_CT_SU2011_ER_05	Det,Det:Art,Haber,Haber:Exist,MSub,MSub:Pres,Prep,Pron,Pron:Objeto,SerEstar,SerEstar:Estar,SerEstar:Ser	MarcadoresDisc,MarcadoresDisc:Causa		
AM041_1990_CT_SU2011_ER_06	Det,Det:Art,Indefinido,MSub,MSub:Pret,Prep,Pron,Pron:Objeto,Pron:Sujeto,SerEstar,SerEstar:Ser,PerfPerif	MarcadoresDisc,MarcadoresDisc:Causa,MarcadoresDisc:Revision		
MF010_1959_EP_SU2011_AD_01	Det,Det:Art,Haber,Haber:Exist,Imperf,Indefinido,Prep,Prep:Para,Pron,Pron:Objeto,Pron:Sujeto,SerEstar,SerEstar:Estar,SerEstar:Ser	MarcadoresDisc,MarcadoresDisc:Causa,MarcadoresDisc:Revision		Entities,Entities:Geo
MF010_1959_EP_SU2011_AD_02	Det,Det:Art,Imperf,Indefinido,MSub,MSub:Pret,Prep,Prep:Por,Pron,Pron:Objeto,Pron:Otros,Pron:Sujeto,SerEstar,SerEstar:Estar,SerEstar:Ser	MarcadoresDisc,MarcadoresDisc:Causa,MarcadoresDisc,MarcadoresDisc:Igualdad		Fraseol,Fraseol:VerbPrep
MF010_1959_EP_SU2011_AD_03	Det,Det:Art,Haber,Haber:Exist,Imperf,Indefinido,Prep,Pron,Pron:Objeto,Pron:Otros,Pron:Sujeto,SerEstar,SerEstar:Estar,SerEstar:Ser	MarcadoresDisc,MarcadoresDisc:Causa,MarcadoresDisc:Revision		
MF010_1959_EP_SU2011_AD_04	Det,Det:Art,Haber,Haber:Exist,Imperf,Indefinido,MSub,MSub:Pres,MSub:Pret,Prep,Prep:Para,Prep:Por,Pron,Pron:Objeto,Pron:Sujeto,SerEstar,SerEstar:Ser	MarcadoresDisc,MarcadoresDisc:Causa,MarcadoresDisc:Revision,MarcadoresDisc,MarcadoresDisc:Igualdad		Entities,Entities:Geo
MF010_1959_EP_SU2011_AD_05	Det,Det:Art,Det:Demo,Imperf,Indefinido,MSub,MSub:Pret,Prep,Prep:Por,Pron,Pron:Objeto,Pron:Sujeto,SerEstar,SerEstar:Estar,SerEstar:Ser,Gustar,Gustar:Propios,PerfPerif	MarcadoresDisc,MarcadoresDisc:Causa,MarcadoresDisc:Revision		Fraseol,Fraseol:VerbPrep
MF010_1959_EP_SU2011_AD_06	Det,Det:Art,Imperf,Indefinido,MSub,MSub:Pres,Prep,Prep:Por,Pron,Pron:Objeto,Pron:Otros,Pron:Sujeto,SerEstar,SerEstar:Ser,Gustar,Gustar:Propios	MarcadoresDisc,MarcadoresDisc:Causa,MarcadoresDisc:Revision		
MF010_1959_EP_SU2011_AD_07	Det,Det:Art,Imperf,Indefinido,MSub,MSub:Pret,Prep,Pron,Pron:Objeto,Pron:Sujeto,SerEstar,SerEstar:Ser	MarcadoresDisc,MarcadoresDisc:Causa,MarcadoresDisc:Igualdad,MarcadoresDisc:Revision		Fraseol,Fraseol:VerbPrep
MF010_1959_EP_SU2011_AD_08	Det,Det:Art,Haber,Haber:Exist,Imperf,Prep,Pron,Pron:Objeto,Pron:Otros,Pron:Sujeto,SerEstar,SerEstar:Ser	MarcadoresDisc,MarcadoresDisc:Causa,MarcadoresDisc:Igualdad,MarcadoresDisc:Revision		Entities,Entities:Geo,Fraseol,Fraseol:VerbPrep
MF013_1937_EP_SU2011_AD_01	Det,Det:Art,Det:Demo,Haber,Haber:Exist,Imperf,Indefinido,Prep,Prep:Para,Pron,Pron:Objeto,Pron:Sujeto,SerEstar,SerEstar:Ser	MarcadoresDisc,MarcadoresDisc:Causa,MarcadoresDisc:Igualdad,MarcadoresDisc:Revision,RecuDiscurso,RecuDiscurso:GanarTiempo		
MF013_1937_EP_SU2011_AD_02	Det,Det:Art,Det:Demo,Haber,Haber:Exist,Imperf,Indefinido,MSub,MSub:Pres,MSub:Pret,Prep,Prep:Para,Prep:Por,Pron,Pron:Objeto,Pron:Sujeto,SerEstar,SerEstar:Estar,SerEstar:Ser	MarcadoresDisc,MarcadoresDisc:Causa		Entities,Entities:Geo
MF013_1937_EP_SU2011_AD_03	Det,Det:Art,Det:Demo,Imperf,Indefinido,MSub,MSub:Pres,MSub:Pret,Prep,Prep:Para,Pron,Pron:Objeto,Pron:Sujeto,SerEstar,SerEstar:Estar,SerEstar:Ser,Gustar,Gustar:Ajenos,Gustar:Propios	MarcadoresDisc,MarcadoresDisc:Causa,MarcadoresDisc:Revision,MarcadoresDisc,MarcadoresDisc:Igualdad		
MF013_1937_EP_SU2011_AD_04	Det,Det:Art,Prep,Pron,Pron:Objeto,Pron:Sujeto,SerEstar,SerEstar:Estar,SerEstar:Ser,PerfPerif	MarcadoresDisc,MarcadoresDisc:Causa,MarcadoresDisc:Igualdad		
MF013_1937_EP_SU2011_AD_05	Det,Det:Art,Gustar,Gustar:Interlocutor,Imperf,Indefinido,MSub,MSub:Pres,MSub:Pret,Prep,Prep:Para,Prep:Por,Pron,Pron:Objeto,Pron:Otros,Pron:Sujeto,SerEstar,SerEstar:Estar,SerEstar:Ser,PerfPerif	MarcadoresDisc,MarcadoresDisc:Causa,MarcadoresDisc:Revision,RecuDiscurso,RecuDiscurso:GanarTiempo,MarcadoresDisc,MarcadoresDisc:Igualdad		Entities,Entities:Geo
MF013_1937_EP_SU2011_AD_06	Det,Det:Art,Haber,Haber:Exist,Indefinido,MSub,MSub:Pres,MSub:Pret,Prep,Prep:Para,Prep:Por,Pron,Pron:Objeto,Pron:Otros,Pron:Sujeto,SerEstar,SerEstar:Estar,SerEstar:Ser,PerfPerif	MarcadoresDisc,MarcadoresDisc:Causa,MarcadoresDisc:Revision,RecuDiscurso,RecuDiscurso:GanarTiempo,MarcadoresDisc,MarcadoresDisc:Igualdad		Fraseol,Fraseol:VerbPrep
MF013_1937_EP_SU2011_AD_07	Det,Det:Art,Det:Demo,Haber,Haber:Exist,Imperf,Indefinido,MSub,MSub:Pres,MSub:Pret,Prep,Prep:Para,Prep:Por,Pron,Pron:Objeto,Pron:Sujeto,SerEstar,SerEstar:Ser	MarcadoresDisc,MarcadoresDisc:Causa,MarcadoresDisc:Revision,MarcadoresDisc,MarcadoresDisc:Igualdad	Contacto,Contacto:Mixtas	
MF017_1959_EP_SU2011_AD_01	Det,Det:Art,Det:Demo,Haber,Haber:Exist,Imperf,Indefinido,MSub,MSub:Pret,Prep,Prep:Para,Pron,Pron:Objeto,Pron:Otros,Pron:Sujeto,SerEstar,SerEstar:Ser,Gustar,Gustar:Propios,Pron,Pron:ObjetoDoble	MarcadoresDisc,MarcadoresDisc:Causa,MarcadoresDisc:Igualdad,MarcadoresDisc:Revision,RecuDiscurso,RecuDiscurso:GanarTiempo,MarcadoresDisc,MarcadoresDisc:Igualdad		Fraseol,Fraseol:VerbPrep
MF017_1959_EP_SU2011_AD_02	Det,Det:Art,Gustar,Gustar:Interlocutor,Haber,Haber:Exist,Imperf,Indefinido,MSub,MSub:Pres,MSub:Pret,Prep,Prep:Para,Prep:Por,Pron,Pron:Objeto,Pron:Otros,Pron:Sujeto,SerEstar,SerEstar:Estar,SerEstar:Ser,Gustar,Gustar:Propios,MSub,MSub:Pres,PerfPerif	MarcadoresDisc,MarcadoresDisc:Causa,MarcadoresDisc:Revision,RecuDiscurso,RecuDiscurso:GanarTiempo,MarcadoresDisc,MarcadoresDisc:Igualdad		
MF017_1959_EP_SU2011_AD_03	Det,Det:Art,Det:Demo,Imperf,Indefinido,MSub,MSub:Pres,MSub:Pret,Prep,Prep:Para,Pron,Pron:Objeto,Pron:Otros,Pron:Sujeto,SerEstar,SerEstar:Ser,Gustar,Gustar:Propios	MarcadoresDisc,MarcadoresDisc:Causa,MarcadoresDisc:Igualdad,MarcadoresDisc:Revision,RecuDiscurso,RecuDiscurso:GanarTiempo,MarcadoresDisc,MarcadoresDisc:Igualdad,MarcadoresDisc:Revision		Entities,Entities:Geo,Fraseol,Fraseol:VerbPrep
MF017_1959_EP_SU2011_AD_04	Det,Det:Art,Det:Demo,Haber,Haber:Exist,Imperf,Indefinido,MSub,MSub:Pres,MSub:Pret,Prep,Prep:Para,Prep:Por,Pron,Pron:Objeto,Pron:Otros,Pron:Sujeto,SerEstar,SerEstar:Estar,SerEstar:Ser,Gustar,Gustar:Propios,MSub,MSub:Pret,PerfPerif	MarcadoresDisc,MarcadoresDisc:Causa,MarcadoresDisc:Revision,RecuDiscurso,RecuDiscurso:GanarTiempo,MarcadoresDisc,MarcadoresDisc:Igualdad		Entities,Entities:Geo,Fraseol,Fraseol:VerbPrep
MF017_1959_EP_SU2011_AD_05	Det,Det:Art,Det:Demo,MSub,MSub:Pres,MSub:Pret,Prep,Prep:Por,Pron,Pron:Objeto,Pron:Sujeto,SerEstar,SerEstar:Ser,PerfPerif	MarcadoresDisc,MarcadoresDisc:Revision,RecuDiscurso,RecuDiscurso:GanarTiempo,MarcadoresDisc,MarcadoresDisc:Igualdad		
MF017_1959_EP_SU2011_AD_06	Det,Det:Art,Det:Demo,Imperf,Indefinido,MSub,MSub:Pres,Prep,Prep:Para,Prep:Por,Pron,Pron:Objeto,Pron:Otros,Pron:Sujeto,SerEstar,SerEstar:Estar,SerEstar:Ser,PerfPerif	MarcadoresDisc,MarcadoresDisc:Revision		
MF017_1959_EP_SU2011_AD_07	Det,Det:Art,Haber,Haber:Exist,Imperf,Indefinido,MSub,MSub:Pres,MSub:Pret,Prep,Prep:Para,Prep:Por,Pron,Pron:Objeto,Pron:Sujeto,SerEstar,SerEstar:Ser	MarcadoresDisc,MarcadoresDisc:Causa,MarcadoresDisc:Revision,MarcadoresDisc,MarcadoresDisc:Igualdad		
MF017_1959_EP_SU2011_AD_08	Det,Det:Art,Det:Demo,Imperf,Indefinido,MSub,MSub:Pres,MSub:Pret,Prep,Prep:Por,Pron,Pron:Objeto,Pron:Sujeto,SerEstar,SerEstar:Estar,SerEstar:Ser,Gustar,Gustar:Propios	MarcadoresDisc,MarcadoresDisc:Revision,MarcadoresDisc,MarcadoresDisc:Igualdad		Entities,Entities:Geo
MF017_1959_EP_SU2011_AD_09	Det,Det:Art,Indefinido,Prep,Prep:Por,Pron,Pron:Objeto,Pron:Otros,Pron:Sujeto,SerEstar,SerEstar:Estar,SerEstar:Ser	MarcadoresDisc,MarcadoresDisc:Causa,MarcadoresDisc:Revision,RecuDiscurso,RecuDiscurso:GanarTiempo,MarcadoresDisc,MarcadoresDisc:Igualdad		Fraseol,Fraseol:VerbPrep
MF018_1963_EP_SU2011_AD_01	Det,Det:Art,Haber,Haber:Exist,Imperf,Indefinido,Prep,Prep:Por,Pron,Pron:Objeto,Pron:Sujeto,SerEstar,SerEstar:Estar,SerEstar:Ser	MarcadoresDisc,MarcadoresDisc:Igualdad,MarcadoresDisc:Revision,RecuDiscurso,RecuDiscurso:GanarTiempo		
MF018_1963_EP_SU2011_AD_02	Det,Det:Art,Haber,Haber:Exist,Imperf,MSub,MSub:Pret,Prep,Pron,Pron:Objeto,SerEstar,SerEstar:Estar,SerEstar:Ser,Gustar,Gustar:Propios	MarcadoresDisc,MarcadoresDisc:Causa,MarcadoresDisc:Igualdad,RecuDiscurso,RecuDiscurso:GanarTiempo		Fraseol,Fraseol:VerbPrep
MF018_1963_EP_SU2011_AD_03	Det,Det:Art,Imperf,MSub,MSub:Pres,MSub:Pret,Prep,Prep:Para,Pron,Pron:Objeto,SerEstar,SerEstar:Ser	MarcadoresDisc,MarcadoresDisc:Causa,RecuDiscurso,RecuDiscurso:GanarTiempo		
MF018_1963_EP_SU2011_AD_04	Det,Det:Art,Imperf,Prep,Prep:Por,Pron,Pron:Objeto,Pron:Otros,SerEstar,SerEstar:Estar,SerEstar:Ser,Gustar,Gustar:Propios	MarcadoresDisc,MarcadoresDisc:Causa,MarcadoresDisc:Revision		Entities,Entities:Geo
MF018_1963_EP_SU2011_AD_05	Det,Det:Art,Haber,Haber:Exist,Imperf,Indefinido,MSub,MSub:Pret,Prep,Prep:Para,Pron,Pron:Objeto,Pron:Sujeto,SerEstar,SerEstar:Estar,SerEstar:Ser,Gustar,Gustar:Ajenos,Gustar:Propios,MSub,MSub:Pres	MarcadoresDisc,MarcadoresDisc:Causa,MarcadoresDisc:Igualdad,MarcadoresDisc:Revision,RecuDiscurso,RecuDiscurso:GanarTiempo,MarcadoresDisc,MarcadoresDisc:Igualdad		
MF018_1963_EP_SU2011_AD_06	Det,Det:Art,Imperf,Prep,Prep:Para,Prep:Por,Pron,Pron:Objeto,Pron:Sujeto,SerEstar,SerEstar:Ser	MarcadoresDisc,MarcadoresDisc:Revision,RecuDiscurso,RecuDiscurso:GanarTiempo		
MF018_1963_EP_SU2011_AD_07	Det,Det:Art,Haber,Haber:Exist,MSub,MSub:Pres,MSub:Pret,Prep,Prep:Por,Pron,Pron:Objeto,SerEstar,SerEstar:Estar,SerEstar:Ser,Gustar,Gustar:Propios	MarcadoresDisc,MarcadoresDisc:Causa,MarcadoresDisc,MarcadoresDisc:Igualdad		
MF018_1963_EP_SU2011_AD_08	Det,Det:Art,Prep,Prep:Por,Pron,Pron:Objeto,Pron:Otros,SerEstar,SerEstar:Estar,SerEstar:Ser	MarcadoresDisc,MarcadoresDisc:Causa,RecuDiscurso,RecuDiscurso:GanarTiempo		
MF019_1971_CT_SU2011_VA_01	Det,Det:Art,Det:Demo,Haber,Haber:Exist,Imperf,Indefinido,MSub,MSub:Pres,MSub:Pret,Prep,Prep:Para,Prep:Por,Pron,Pron:Objeto,Pron:Sujeto,SerEstar,SerEstar:Estar,SerEstar:Ser	MarcadoresDisc,MarcadoresDisc:Causa,MarcadoresDisc:Igualdad,MarcadoresDisc:Revision,MarcadoresDisc,MarcadoresDisc:Igualdad		
MF019_1971_CT_SU2011_VA_02	Det,Det:Art,Imperf,Indefinido,Prep,Prep:Para,Pron,Pron:Objeto,Pron:Otros	MarcadoresDisc,MarcadoresDisc:Causa		Entities,Entities:Geo
MF019_1971_CT_SU2011_VA_03	Det,Det:Art,Det:Demo,Imperf,Indefinido,MSub,MSub:Pres,MSub:Pret,Prep,Prep:Por,Pron,Pron:Objeto,Pron:Sujeto,SerEstar,SerEstar:Estar,SerEstar:Ser	MarcadoresDisc,MarcadoresDisc:Causa,MarcadoresDisc:Revision,RecuDiscurso,RecuDiscurso:GanarTiempo	Contacto,Contacto:Mixtas	Entities,Entities:Geo
MF019_1971_CT_SU2011_VA_04	Det,Det:Art,Haber,Haber:Exist,Imperf,Indefinido,MSub,MSub:Pres,MSub:Pret,Prep,Prep:Para,Pron,Pron:Objeto,Pron:Sujeto,SerEstar,SerEstar:Estar,SerEstar:Ser	MarcadoresDisc,MarcadoresDisc:Causa,MarcadoresDisc:Igualdad,MarcadoresDisc:Revision,RecuDiscurso,RecuDiscurso:GanarTiempo		
MF019_1971_CT_SU2011_VA_05	Det,Det:Art,Haber,Haber:Exist,Imperf,Indefinido,MSub,MSub:Pres,MSub:Pret,Prep,Prep:Para,Prep:Por,Pron,Pron:Objeto,Pron:Otros,Pron:Sujeto,SerEstar,SerEstar:Estar,SerEstar:Ser,MSub,MSub:Pret	MarcadoresDisc,MarcadoresDisc:Causa,MarcadoresDisc:Igualdad,MarcadoresDisc:Revision,MarcadoresDisc,MarcadoresDisc:Igualdad		Entities,Entities:Geo
MF019_1971_CT_SU2011_VA_06	Det,Det:Art,Det:Demo,Haber,Haber:Exist,Imperf,Indefinido,MSub,MSub:Pres,MSub:Pret,Prep,Prep:Para,Prep:Por,Pron,Pron:Objeto,Pron:Otros,Pron:Sujeto,SerEstar,SerEstar:Estar,SerEstar:Ser,PerfPerif	MarcadoresDisc,MarcadoresDisc:Causa,MarcadoresDisc:Revision,MarcadoresDisc,MarcadoresDisc:Igualdad		Fraseol,Fraseol:VerbPrep
MF019_1971_CT_SU2011_VA_07	Det,Det:Art,Det:Demo,Haber,Haber:Exist,Imperf,Indefinido,MSub,MSub:Pres,MSub:Pret,Prep,Prep:Para,Prep:Por,Pron,Pron:Objeto,Pron:Otros,Pron:Sujeto,SerEstar,SerEstar:Estar,SerEstar:Ser,Gustar,Gustar:Ajenos,Gustar:Propios,PerfPerif	MarcadoresDisc,MarcadoresDisc:Causa,MarcadoresDisc:Igualdad,MarcadoresDisc:Revision,MarcadoresDisc,MarcadoresDisc:Revision		Fraseol,Fraseol:VerbPrep
MF019_1971_CT_SU2011_VA_08	Det,Det:Art,Det:Demo,Haber,Haber:Exist,Imperf,Indefinido,MSub,MSub:Pret,Prep,Prep:Para,Prep:Por,Pron,Pron:Objeto,Pron:Otros,Pron:Sujeto,SerEstar,SerEstar:Ser,PerfPerif	MarcadoresDisc,MarcadoresDisc:Causa,MarcadoresDisc:Revision,MarcadoresDisc,MarcadoresDisc:Igualdad		Fraseol,Fraseol:VerbPrep
MF019_1971_CT_SU2011_VA_09	Det,Det:Art,Det:Demo,Haber,Haber:Exist,Imperf,Indefinido,MSub,MSub:Pres,MSub:Pret,Prep,Prep:Para,Prep:Por,Pron,Pron:Objeto,Pron:Otros,Pron:Sujeto,SerEstar,SerEstar:Estar,SerEstar:Ser,PerfPerif	MarcadoresDisc,MarcadoresDisc:Causa,MarcadoresDisc:Revision,RecuDiscurso,RecuDiscurso:GanarTiempo,MarcadoresDisc,MarcadoresDisc:Igualdad		Entities,Entities:Geo,Fraseol,Fraseol:VerbPrep
MF019_1971_CT_SU2011_VA_10	Det,Det:Art,Det:Demo,Haber,Haber:Exist,Imperf,Indefinido,MSub,MSub:Pres,MSub:Pret,Prep,Prep:Para,Prep:Por,Pron,Pron:Objeto,Pron:Otros,Pron:Sujeto,SerEstar,SerEstar:Estar,SerEstar:Ser,Gustar,Gustar:Propios,PerfPerif	MarcadoresDisc,MarcadoresDisc:Causa,MarcadoresDisc:Igualdad,MarcadoresDisc:Revision,MarcadoresDisc,MarcadoresDisc:Igualdad		Entities,Entities:Geo,Fraseol,Fraseol:VerbPrep
MF019_1971_CT_SU2011_VA_11	Det,Det:Art,Haber,Haber:Exist,Imperf,Indefinido,MSub,MSub:Pres,MSub:Pret,Prep,Prep:Para,Prep:Por,Pron,Pron:Objeto,Pron:Sujeto,SerEstar,SerEstar:Estar,SerEstar:Ser	MarcadoresDisc,MarcadoresDisc:Causa,MarcadoresDisc:Revision,MarcadoresDisc,MarcadoresDisc:Igualdad		
MF019_1971_CT_SU2011_VA_12	Det,Det:Art,Det:Demo,Haber,Haber:Exist,Indefinido,MSub,MSub:Pres,Prep,Prep:Por,Pron,Pron:Objeto,Pron:Otros,Pron:Sujeto,SerEstar,SerEstar:Estar,SerEstar:Ser,PerfPerif	MarcadoresDisc,MarcadoresDisc:Causa,MarcadoresDisc:Revision,MarcadoresDisc,MarcadoresDisc:Revision		Entities,Entities:Geo
MF019_1971_CT_SU2011_VA_13	Det,Det:Art,Det:Demo,Haber,Haber:Exist,Imperf,Indefinido,MSub,MSub:Pres,MSub:Pret,Prep,Prep:Para,Prep:Por,Pron,Pron:Objeto,Pron:Otros,Pron:Sujeto,SerEstar,SerEstar:Estar,SerEstar:Ser	MarcadoresDisc,MarcadoresDisc:Causa,MarcadoresDisc:Revision,MarcadoresDisc,MarcadoresDisc:Igualdad		
MF025_1967_CT_SU2011_VA_01	Det,Det:Art,Det:Demo,Haber,Haber:Exist,Imperf,Indefinido,MSub,MSub:Pret,Prep,Prep:Para,Prep:Por,Pron,Pron:Objeto,Pron:Otros,Pron:Sujeto,SerEstar,SerEstar:Estar,SerEstar:Ser,Gustar,Gustar:Propios,PerfPerif	MarcadoresDisc,MarcadoresDisc:Causa,MarcadoresDisc:Igualdad,MarcadoresDisc:Revision		
MF025_1967_CT_SU2011_VA_02	Det,Det:Art,Imperf,Indefinido,MSub,MSub:Pres,MSub:Pret,Prep,Prep:Para,Pron,Pron:Sujeto,SerEstar,SerEstar:Ser,PerfPerif	MarcadoresDisc,MarcadoresDisc:Revision,MarcadoresDisc,MarcadoresDisc:Igualdad		
MF025_1967_CT_SU2011_VA_03	Det,Det:Art,Det:Demo,Haber,Haber:Exist,Prep,Prep:Para,Prep:Por,Pron,Pron:Objeto,Pron:Sujeto,SerEstar,SerEstar:Estar,SerEstar:Ser,PerfPerif	MarcadoresDisc,MarcadoresDisc:Causa,MarcadoresDisc:Igualdad,MarcadoresDisc:Revision		
MF025_1967_CT_SU2011_VA_04	Det,Det:Art,Haber,Haber:Exist,Indefinido,MSub,MSub:Pres,MSub:Pret,Prep,Prep:Para,Prep:Por,Pron,Pron:Objeto,Pron:Sujeto,SerEstar,SerEstar:Estar,SerEstar:Ser,PerfPerif	MarcadoresDisc,MarcadoresDisc:Causa,MarcadoresDisc:Igualdad,MarcadoresDisc:Revision		Fraseol,Fraseol:VerbPrep
MF025_1967_CT_SU2011_VA_05	Det,Det:Art,Det:Demo,Haber,Haber:Exist,MSub,MSub:Pres,MSub:Pret,Prep,Prep:Para,Prep:Por,Pron,Pron:Objeto,Pron:Otros,Pron:Sujeto,SerEstar,SerEstar:Estar,SerEstar:Ser,Gustar,Gustar:Propios,PerfPerif	MarcadoresDisc,MarcadoresDisc:Causa,MarcadoresDisc:Igualdad,MarcadoresDisc:Revision		Fraseol,Fraseol:VerbPrep
MF025_1967_CT_SU2011_VA_06	Det,Det:Art,Haber,Haber:Exist,MSub,MSub:Pres,Prep,Prep:Para,Pron,Pron:Objeto,Pron:Otros,Pron:Sujeto,SerEstar,SerEstar:Ser	MarcadoresDisc,MarcadoresDisc:Causa,MarcadoresDisc:Revision		
MF025_1967_CT_SU2011_VA_07	Det,Det:Art,Det:Demo,Haber,Haber:Exist,Imperf,Indefinido,MSub,MSub:Pres,MSub:Pret,Prep,Prep:Para,Prep:Por,Pron,Pron:Objeto,Pron:Sujeto,SerEstar,SerEstar:Estar,SerEstar:Ser,PerfPerif	MarcadoresDisc,MarcadoresDisc:Causa,MarcadoresDisc:Igualdad,MarcadoresDisc:Revision		
MF025_1967_CT_SU2011_VA_08	Det,Det:Art,Det:Demo,Imperf,Indefinido,MSub,MSub:Pret,Prep,Prep:Por,Pron,Pron:Objeto,Pron:Sujeto,SerEstar,SerEstar:Estar,SerEstar:Ser	MarcadoresDisc,MarcadoresDisc:Causa,MarcadoresDisc:Igualdad,MarcadoresDisc:Revision		Fraseol,Fraseol:VerbPrep
MF025_1967_CT_SU2011_VA_09	Det,Det:Art,Det:Demo,Haber,Haber:Exist,Imperf,Indefinido,Prep,Prep:Por,Pron,Pron:Objeto,Pron:Sujeto,SerEstar,SerEstar:Estar,SerEstar:Ser,MSub,MSub:Pret,PerfPerif	MarcadoresDisc,MarcadoresDisc:Causa,MarcadoresDisc:Revision		
MF034_1970_CT_SU2011_VA_01	Det,Det:Art,Det:Demo,Haber,Haber:Exist,Imperf,Indefinido,MSub,MSub:Pres,MSub:Pret,Prep,Prep:Para,Prep:Por,Pron,Pron:Objeto,Pron:Sujeto,SerEstar,SerEstar:Estar,SerEstar:Ser,Gustar,Gustar:Propios	MarcadoresDisc,MarcadoresDisc:Causa,MarcadoresDisc:Igualdad,MarcadoresDisc:Revision		Fraseol,Fraseol:VerbPrep
MF034_1970_CT_SU2011_VA_02	Det,Det:Art,Det:Demo,Imperf,Indefinido,MSub,MSub:Pres,MSub:Pret,Prep,Prep:Para,Prep:Por,Pron,Pron:Objeto,Pron:Sujeto,SerEstar,SerEstar:Estar,SerEstar:Ser	MarcadoresDisc,MarcadoresDisc:Causa,MarcadoresDisc:Revision		Entities,Entities:Geo,Fraseol,Fraseol:VerbPrep
MF034_1970_CT_SU2011_VA_03	Det,Det:Art,Det:Demo,Imperf,Indefinido,Prep,Prep:Para,Prep:Por,Pron,Pron:Objeto,Pron:Sujeto,SerEstar,SerEstar:Estar,SerEstar:Ser,Gustar,Gustar:Propios,PerfPerif	MarcadoresDisc,MarcadoresDisc:Revision		Fraseol,Fraseol:VerbPrep
MF034_1970_CT_SU2011_VA_04	Det,Det:Art,Det:Demo,Imperf,Indefinido,MSub,MSub:Pres,MSub:Pret,Prep,Prep:Para,Prep:Por,Pron,Pron:Objeto,Pron:Otros,Pron:Sujeto,SerEstar,SerEstar:Estar,SerEstar:Ser,Gustar,Gustar:Propios,PerfPerif,Pron,Pron:ObjetoDoble	MarcadoresDisc,MarcadoresDisc:Causa,MarcadoresDisc:Revision		
MF034_1970_CT_SU2011_VA_05	Det,Det:Art,Imperf,MSub,MSub:Pres,MSub:Pret,Prep,Prep:Para,Pron,Pron:Objeto,Pron:Sujeto,SerEstar,SerEstar:Ser,Gustar,Gustar:Propios,PerfPerif	MarcadoresDisc,MarcadoresDisc:Revision,RecuDiscurso,RecuDiscurso:GanarTiempo		
MF051_1974_GV_FA2011_JT_01	Det,Det:Art,Det:Demo,Haber,Haber:Exist,Imperf,Indefinido,MSub,MSub:Pres,MSub:Pret,Prep,Prep:Para,Prep:Por,Pron,Pron:Objeto,Pron:Sujeto,SerEstar,SerEstar:Estar,SerEstar:Ser,MSub,MSub:Pres	MarcadoresDisc,MarcadoresDisc:Revision,RecuDiscurso,RecuDiscurso:GanarTiempo		Entities,Entities:Geo
MF051_1974_GV_FA2011_JT_02	Det,Det:Art,Imperf,Prep,Prep:Por,Pron,Pron:Objeto,Pron:Sujeto,SerEstar,SerEstar:Ser,PerfPerif	MarcadoresDisc,MarcadoresDisc:Causa,MarcadoresDisc:Revision,MarcadoresDisc,MarcadoresDisc:Causa		Entities,Entities:Geo
MF051_1974_GV_FA2011_JT_03	Det,Det:Art,Det:Demo,Haber,Haber:Exist,Indefinido,MSub,MSub:Pret,Prep,Prep:Para,Prep:Por,Pron,Pron:Objeto,Pron:Otros,Pron:Sujeto,SerEstar,SerEstar:Estar,SerEstar:Ser	MarcadoresDisc,MarcadoresDisc:Causa,MarcadoresDisc:Igualdad,MarcadoresDisc:Revision		
MF051_1974_GV_FA2011_JT_04	Det,Det:Art,Haber,Haber:Exist,MSub,MSub:Pres,Prep,Prep:Por,Pron,Pron:Objeto,Pron:Sujeto,SerEstar,SerEstar:Ser	MarcadoresDisc,MarcadoresDisc:Revision		Fraseol,Fraseol:VerbPrep
MF051_1974_GV_FA2011_JT_05	Det,Det:Art,Det:Demo,Haber,Haber:Exist,Imperf,MSub,MSub:Pres,Prep,Pron,Pron:Objeto,Pron:Otros,Pron:Sujeto,SerEstar,SerEstar:Estar,SerEstar:Ser	MarcadoresDisc,MarcadoresDisc:Causa,MarcadoresDisc:Igualdad,MarcadoresDisc:Revision		Fraseol,Fraseol:VerbPrep
MF051_1974_GV_FA2011_JT_06	Det,Det:Art,Haber,Haber:Exist,Indefinido,MSub,MSub:Pres,Prep,Prep:Para,Prep:Por,Pron,Pron:Objeto,Pron:Sujeto,SerEstar,SerEstar:Estar,SerEstar:Ser,PerfPerif	MarcadoresDisc,MarcadoresDisc:Revision		
MF103_1989_CT_SU2012_JH_01	Det,Det:Art,Gustar,Gustar:Interlocutor,Imperf,Indefinido,MSub,MSub:Pret,Prep,Pron,Pron:Objeto,SerEstar,SerEstar:Estar,SerEstar:Ser			
MF103_1989_CT_SU2012_JH_02	Det,Det:Art,Imperf,Prep,Prep:Por,Pron,Pron:Objeto,Pron:Sujeto,SerEstar,SerEstar:Ser,Gustar,Gustar:Propios	MarcadoresDisc,MarcadoresDisc:Causa,MarcadoresDisc:Igualdad		Entities,Entities:Geo
MF103_1989_CT_SU2012_JH_03	Det,Det:Art,Imperf,Indefinido,MSub,MSub:Pres,Prep,Prep:Por,Pron,Pron:Objeto,Pron:Sujeto,SerEstar,SerEstar:Estar,SerEstar:Ser	MarcadoresDisc,MarcadoresDisc:Revision		
MF103_1989_CT_SU2012_JH_04	Det,Det:Art,Haber,Haber:Exist,Indefinido,Prep,Prep:Por,Pron,Pron:Sujeto,SerEstar,SerEstar:Estar,SerEstar:Ser			
MF103_1989_CT_SU2012_JH_05	Det,Det:Art,MSub,MSub:Pret,Prep,Prep:Por,Pron,Pron:Objeto,SerEstar,SerEstar:Ser,Gustar,Gustar:Otros	MarcadoresDisc,MarcadoresDisc:Causa,MarcadoresDisc:Revision		Fraseol,Fraseol:VerbPrep
MF103_1989_CT_SU2012_JH_06	Det,Det:Art,Det:Demo,Haber,Haber:Exist,MSub,MSub:Pres,MSub:Pret,Prep,Prep:Para,Prep:Por,Pron,Pron:Sujeto,SerEstar,SerEstar:Ser,PerfPerif	MarcadoresDisc,MarcadoresDisc:Igualdad,MarcadoresDisc:Revision		
MF103_1989_CT_SU2012_JH_07	Det,Det:Art,Haber,Haber:Exist,MSub,MSub:Pres,Prep,Prep:Para,Pron,Pron:Objeto,SerEstar,SerEstar:Ser	MarcadoresDisc,MarcadoresDisc:Causa		
MF103_1989_CT_SU2012_JH_08	Det,Det:Art,Haber,Haber:Exist,Indefinido,MSub,MSub:Pres,Prep,Prep:Por,Pron,Pron:Objeto,Pron:Otros,Pron:Sujeto,SerEstar,SerEstar:Ser	MarcadoresDisc,MarcadoresDisc:Igualdad		Fraseol,Fraseol:VerbPrep
MF103_1989_CT_SU2012_JH_09	Det,Det:Art,Det:Demo,Haber,Haber:Exist,MSub,MSub:Pres,Prep,Prep:Por,Pron,Pron:Objeto,Pron:Otros,Pron:Sujeto	MarcadoresDisc,MarcadoresDisc:Igualdad		Fraseol,Fraseol:VerbPrep
MF103_1989_CT_SU2012_JH_10	Det,Det:Art,Det:Demo,Haber,Haber:Exist,MSub,MSub:Pres,MSub:Pret,Prep,Prep:Por,Pron,Pron:Objeto,Pron:Sujeto,SerEstar,SerEstar:Ser	MarcadoresDisc,MarcadoresDisc:Causa		
MM005_1967_EP_SU2011_AD_01	Det,Det:Art,Haber,Haber:Exist,Imperf,Indefinido,Prep,Pron,Pron:Objeto,Pron:Otros,Pron:Sujeto,SerEstar,SerEstar:Ser,PerfPerif			Entities,Entities:Geo
MM005_1967_EP_SU2011_AD_02	Det,Det:Art,Det:Demo,Haber,Haber:Exist,Imperf,Indefinido,Prep,Prep:Para,Prep:Por,Pron,Pron:Objeto,Pron:Sujeto,SerEstar,SerEstar:Estar,SerEstar:Ser,Gustar,Gustar:Ajenos,Gustar:Propios	MarcadoresDisc,MarcadoresDisc:Causa,MarcadoresDisc:Igualdad,MarcadoresDisc:Revision,RecuDiscurso,RecuDiscurso:GanarTiempo		Fraseol,Fraseol:VerbPrep
MM005_1967_EP_SU2011_AD_03	Det,Det:Art,Prep,Pron,Pron:Objeto,SerEstar,SerEstar:Estar,SerEstar:Ser	MarcadoresDisc,MarcadoresDisc:Causa		Entities,Entities:Geo
MM005_1967_EP_SU2011_AD_04	Det,Det:Art,Imperf,Indefinido,MSub,MSub:Pret,Prep,Pron,Pron:Objeto,Pron:Sujeto,SerEstar,SerEstar:Estar,Gustar,Gustar:Otros	MarcadoresDisc,MarcadoresDisc:Causa,MarcadoresDisc:Revision		
MM005_1967_EP_SU2011_AD_05	Det,Det:Art,Det:Demo,Imperf,Indefinido,MSub,MSub:Pres,MSub:Pret,Prep,Pron,Pron:Objeto,Pron:Sujeto,SerEstar,SerEstar:Estar,SerEstar:Ser,PerfPerif	MarcadoresDisc,MarcadoresDisc:Causa,MarcadoresDisc:Revision		Entities,Entities:Geo,Fraseol,Fraseol:VerbPrep
MM005_1967_EP_SU2011_AD_06	Det,Det:Art,Imperf,Indefinido,MSub,MSub:Pres,MSub:Pret,Prep,Pron,Pron:Objeto,Pron:Sujeto,SerEstar,SerEstar:Estar,SerEstar:Ser	MarcadoresDisc,MarcadoresDisc:Causa,MarcadoresDisc:Revision		Entities,Entities:Geo
MM005_1967_EP_SU2011_AD_07	Det,Det:Art,Det:Demo,Haber,Haber:Exist,Imperf,Indefinido,MSub,MSub:Pres,MSub:Pret,Prep,Prep:Por,Pron,Pron:Objeto,Pron:Otros,Pron:Sujeto,SerEstar,SerEstar:Estar,SerEstar:Ser,Gustar,Gustar:Propios,PerfPerif	MarcadoresDisc,MarcadoresDisc:Causa,MarcadoresDisc:Igualdad,MarcadoresDisc:Revision,RecuDiscurso,RecuDiscurso:GanarTiempo		Fraseol,Fraseol:VerbPrep
MM005_1967_EP_SU2011_AD_08	Det,Det:Art,Det:Demo,Imperf,Indefinido,MSub,MSub:Pret,Prep,Pron,Pron:Objeto,Pron:Otros,Pron:Sujeto,SerEstar,SerEstar:Ser,PerfPerif	MarcadoresDisc,MarcadoresDisc:Causa,MarcadoresDisc:Igualdad,MarcadoresDisc:Revision		Fraseol,Fraseol:VerbPrep
MM005_1967_EP_SU2011_AD_09	Det,Det:Art,Det:Demo,Prep,Prep:Para,Pron,Pron:Objeto,Pron:Sujeto,SerEstar,SerEstar:Estar,SerEstar:Ser,PerfPerif	MarcadoresDisc,MarcadoresDisc:Revision		
MM005_1967_EP_SU2011_AD_10	Det,Det:Art,Prep,Prep:Por,Pron,Pron:Objeto,Pron:Sujeto,SerEstar,SerEstar:Estar,SerEstar:Ser	MarcadoresDisc,MarcadoresDisc:Revision,RecuDiscurso,RecuDiscurso:GanarTiempo		
MM005_1967_EP_SU2011_AD_11	Det,Det:Art,Haber,Haber:Exist,Imperf,Indefinido,MSub,MSub:Pres,Prep,Prep:Para,Prep:Por,Pron,Pron:Objeto,Pron:Sujeto,SerEstar,SerEstar:Estar,SerEstar:Ser,Gustar,Gustar:Propios,PerfPerif	MarcadoresDisc,MarcadoresDisc:Causa,MarcadoresDisc:Revision		Fraseol,Fraseol:VerbPrep
MM005_1967_EP_SU2011_AD_12	Det,Det:Art,Imperf,Indefinido,MSub,MSub:Pres,MSub:Pret,Prep,Prep:Para,Prep:Por,Pron,Pron:Objeto,Pron:Sujeto,SerEstar,SerEstar:Estar,SerEstar:Ser,Gustar,Gustar:Propios,PerfPerif	MarcadoresDisc,MarcadoresDisc:Causa,MarcadoresDisc:Igualdad,MarcadoresDisc:Revision,RecuDiscurso,RecuDiscurso:GanarTiempo,MarcadoresDisc,MarcadoresDisc:Revision		Entities,Entities:Geo,Fraseol,Fraseol:VerbPrep
MM005_1967_EP_SU2011_AD_13	Det,Det:Art,Gustar,Gustar:Interlocutor,Haber,Haber:Exist,Imperf,Indefinido,MSub,MSub:Pres,MSub:Pret,Prep,Prep:Por,Pron,Pron:Objeto,Pron:Otros,Pron:Sujeto,SerEstar,SerEstar:Ser,Gustar,Gustar:Ajenos,Gustar:Propios,PerfPerif	MarcadoresDisc,MarcadoresDisc:Causa,MarcadoresDisc:Revision,RecuDiscurso,RecuDiscurso:GanarTiempo,MarcadoresDisc,MarcadoresDisc:Revision		
MM005_1967_EP_SU2011_AD_14	Det,Det:Art,Det:Demo,Haber,Haber:Exist,Imperf,Indefinido,MSub,MSub:Pres,MSub:Pret,Prep,Prep:Para,Pron,Pron:Objeto,Pron:Sujeto,SerEstar,SerEstar:Estar,SerEstar:Ser	MarcadoresDisc,MarcadoresDisc:Causa,MarcadoresDisc:Revision,RecuDiscurso,RecuDiscurso:GanarTiempo,MarcadoresDisc,MarcadoresDisc:Revision		Entities,Entities:Geo,Fraseol,Fraseol:VerbPrep
MM005_1967_EP_SU2011_AD_15	Det,Det:Art,Det:Demo,Haber,Haber:Exist,Imperf,Indefinido,MSub,MSub:Pret,Prep,Prep:Por,Pron,Pron:Objeto,Pron:Otros,Pron:Sujeto,SerEstar,SerEstar:Estar,SerEstar:Ser	MarcadoresDisc,MarcadoresDisc:Causa,MarcadoresDisc:Igualdad,MarcadoresDisc:Revision		Entities,Entities:Geo,Fraseol,Fraseol:VerbPrep
MM012_1925_EP_SU2011_AD_01	Det,Det:Art,Haber,Haber:Exist,Imperf,Indefinido,Prep,Prep:Por,Pron,Pron:Objeto,Pron:Sujeto,SerEstar,SerEstar:Ser			
MM012_1925_EP_SU2011_AD_02	Det,Det:Art,Gustar,Gustar:Interlocutor,Imperf,Indefinido,Prep,Prep:Por,Pron,Pron:Objeto,Pron:Sujeto,SerEstar,SerEstar:Ser,Gustar,Gustar:Propios	MarcadoresDisc,MarcadoresDisc:Causa		
MM012_1925_EP_SU2011_AD_03	Det,Det:Art,Det:Demo,Imperf,Indefinido,MSub,MSub:Pres,Prep,Pron,Pron:Objeto,Pron:Sujeto,SerEstar,SerEstar:Ser	MarcadoresDisc,MarcadoresDisc:Causa,RecuDiscurso,RecuDiscurso:GanarTiempo		Entities,Entities:Geo
MM012_1925_EP_SU2011_AD_04	Det,Det:Art,Imperf,Indefinido,MSub,MSub:Pres,Prep,Pron,Pron:Objeto,SerEstar,SerEstar:Estar	MarcadoresDisc,MarcadoresDisc:Revision		Entities,Entities:Geo
MM012_1925_EP_SU2011_AD_05	Det,Det:Art,Det:Demo,Haber,Haber:Exist,Indefinido,Prep,Pron,Pron:Objeto,Pron:Sujeto,MSub,MSub:Pres	MarcadoresDisc,MarcadoresDisc:Revision		
MM012_1925_EP_SU2011_AD_06	Det,Det:Art,Prep,Prep:Por,SerEstar,SerEstar:Ser	MarcadoresDisc,MarcadoresDisc:Causa		
MM014_1961_EP_SU2011_AD_01	Det,Det:Art,Haber,Haber:Exist,Imperf,Indefinido,MSub,MSub:Pres,Prep,Pron,Pron:Objeto,Pron:Sujeto,SerEstar,SerEstar:Ser	MarcadoresDisc,MarcadoresDisc:Causa,MarcadoresDisc:Revision,MarcadoresDisc,MarcadoresDisc:Igualdad		Entities,Entities:Geo
MM014_1961_EP_SU2011_AD_02	Det,Det:Art,Haber,Haber:Exist,Imperf,Prep,Prep:Por,Pron,Pron:Objeto,Pron:Sujeto,SerEstar,SerEstar:Estar,SerEstar:Ser,PerfPerif			
MM014_1961_EP_SU2011_AD_03	Det,Det:Art,Det:Demo,Imperf,Indefinido,Prep,Prep:Para,Pron,Pron:Objeto,Pron:Sujeto,SerEstar,SerEstar:Ser,Gustar,Gustar:Propios			
MM014_1961_EP_SU2011_AD_04	Det,Det:Art,Imperf,Indefinido,MSub,MSub:Pres,Prep,Pron,Pron:Objeto,Pron:Sujeto,SerEstar,SerEstar:Ser	MarcadoresDisc,MarcadoresDisc:Causa,MarcadoresDisc:Igualdad,MarcadoresDisc,MarcadoresDisc:Revision		
MM014_1961_EP_SU2011_AD_05	Det,Det:Art,Imperf,Indefinido,Prep,Pron,Pron:Objeto,Pron:Sujeto,SerEstar,SerEstar:Ser	MarcadoresDisc,MarcadoresDisc:Revision		Entities,Entities:Geo
MM014_1961_EP_SU2011_AD_06	Det,Det:Art,Det:Demo,Haber,Haber:Exist,MSub,MSub:Pres,Prep,Pron,Pron:Otros,SerEstar,SerEstar:Ser	MarcadoresDisc,MarcadoresDisc:Revision		
MM014_1961_EP_SU2011_AD_07	Det,Det:Art,Imperf,Indefinido,Prep,Prep:Para,Prep:Por,Pron,Pron:Objeto,Pron:Sujeto,SerEstar,SerEstar:Ser	MarcadoresDisc,MarcadoresDisc:Causa		Entities,Entities:Geo
MM014_1961_EP_SU2011_AD_08	Det,Det:Art,Indefinido,MSub,MSub:Pres,Prep,Prep:Por,Pron,Pron:Objeto,Pron:Sujeto,SerEstar,SerEstar:Estar,SerEstar:Ser,Gustar,Gustar:Propios,PerfPerif	RecuDiscurso,RecuDiscurso:GanarTiempo		
MM014_1961_EP_SU2011_AD_09	Det,Det:Art,MSub,MSub:Pres,MSub:Pret,Prep,Prep:Por,Pron,Pron:Objeto,Pron:Otros,Pron:Sujeto,SerEstar,SerEstar:Ser,Gustar,Gustar:Propios,PerfPerif	MarcadoresDisc,MarcadoresDisc:Causa		
MM014_1961_EP_SU2011_AD_10	Det,Det:Art,Imperf,Indefinido,Prep,Prep:Por,Pron,Pron:Objeto,Pron:Sujeto,SerEstar,SerEstar:Estar,SerEstar:Ser,Gustar,Gustar:Propios	MarcadoresDisc,MarcadoresDisc:Causa,MarcadoresDisc:Igualdad,MarcadoresDisc:Revision,MarcadoresDisc,MarcadoresDisc:Igualdad		Fraseol,Fraseol:VerbPrep
MM014_1961_EP_SU2011_AD_11	Det,Det:Art,Haber,Haber:Exist,Imperf,Indefinido,MSub,MSub:Pret,Prep,Pron,Pron:Objeto,Pron:Sujeto,SerEstar,SerEstar:Ser,Gustar,Gustar:Propios,PerfPerif	MarcadoresDisc,MarcadoresDisc:Revision		
MM014_1961_EP_SU2011_AD_12	Det,Det:Art,Indefinido,MSub,MSub:Pres,Prep,Prep:Para,Prep:Por,Pron,Pron:Objeto,Pron:Sujeto,SerEstar,SerEstar:Ser,PerfPerif	MarcadoresDisc,MarcadoresDisc:Revision		
MM014_1961_EP_SU2011_AD_13	Det,Det:Art,Prep,SerEstar,SerEstar:Estar,SerEstar:Ser,PerfPerif	MarcadoresDisc,MarcadoresDisc:Igualdad		
MM014_1961_EP_SU2011_AD_14	Det,Det:Art,Det:Demo,Haber,Haber:Exist,Prep,Prep:Para,Prep:Por,Pron,Pron:Objeto,Pron:Sujeto,SerEstar,SerEstar:Estar,SerEstar:Ser,PerfPerif	MarcadoresDisc,MarcadoresDisc:Causa,MarcadoresDisc:Revision		Fraseol,Fraseol:VerbPrep
MM014_1961_EP_SU2011_AD_15	Det,Det:Art,Haber,Haber:Exist,Prep,Pron,Pron:Objeto			
MM014_1961_EP_SU2011_AD_16	Det,Det:Art,Imperf,Prep,Prep:Por,Pron,Pron:Objeto,Pron:Sujeto,SerEstar,SerEstar:Estar,SerEstar:Ser	MarcadoresDisc,MarcadoresDisc:Causa,MarcadoresDisc:Igualdad,MarcadoresDisc:Revision,MarcadoresDisc,MarcadoresDisc:Revision		Entities,Entities:Geo,Fraseol,Fraseol:VerbPrep
MM015_1963_EP_SU2011_AD_01	Det,Det:Art,Gustar,Gustar:Interlocutor,Haber,Haber:Exist,Imperf,Indefinido,MSub,MSub:Pres,Prep,Prep:Para,Prep:Por,Pron,Pron:Objeto,Pron:Sujeto,SerEstar,SerEstar:Ser,Gustar,Gustar:Propios,MSub,MSub:Pres	MarcadoresDisc,MarcadoresDisc:Igualdad,MarcadoresDisc,MarcadoresDisc:Igualdad		Entities,Entities:Geo
MM015_1963_EP_SU2011_AD_02	Det,Det:Art,Det:Demo,Imperf,Indefinido,MSub,MSub:Pret,Prep,Pron,Pron:Objeto,Pron:Otros,Pron:Sujeto,SerEstar,SerEstar:Ser	MarcadoresDisc,MarcadoresDisc:Revision,RecuDiscurso,RecuDiscurso:GanarTiempo		Entities,Entities:Geo
MM015_1963_EP_SU2011_AD_03	Det,Det:Art,Haber,Haber:Exist,Imperf,Indefinido,Prep,Prep:Para,Pron,Pron:Objeto,Pron:Sujeto,SerEstar,SerEstar:Ser,Gustar,Gustar:Propios	MarcadoresDisc,MarcadoresDisc:Revision		
MM015_1963_EP_SU2011_AD_04	Det,Det:Art,Imperf,Indefinido,MSub,MSub:Pret,Prep,Prep:Por,Pron,Pron:Objeto,SerEstar,SerEstar:Ser	MarcadoresDisc,MarcadoresDisc:Revision		Entities,Entities:Geo
MM015_1963_EP_SU2011_AD_05	Det,Det:Art,Haber,Haber:Exist,Imperf,Indefinido,Prep,Prep:Por,Pron,Pron:Objeto,Pron:Sujeto,SerEstar,SerEstar:Ser,Gustar,Gustar:Propios	MarcadoresDisc,MarcadoresDisc:Causa,MarcadoresDisc:Revision		Entities,Entities:Geo
MM015_1963_EP_SU2011_AD_06	Det,Det:Art,Det:Demo,Imperf,Indefinido,Prep,Prep:Para,Pron,Pron:Objeto,Pron:Sujeto,SerEstar,SerEstar:Ser,Gustar,Gustar:Propios,PerfPerif	MarcadoresDisc,MarcadoresDisc:Causa,MarcadoresDisc,MarcadoresDisc:Igualdad		
MM015_1963_EP_SU2011_AD_07	Det,Det:Art,Imperf,Indefinido,MSub,MSub:Pres,MSub:Pret,Prep,Pron,Pron:Objeto,Pron:Otros,Pron:Sujeto,SerEstar,SerEstar:Estar,SerEstar:Ser	MarcadoresDisc,MarcadoresDisc:Revision,RecuDiscurso,RecuDiscurso:GanarTiempo		
MM015_1963_EP_SU2011_AD_08	Det,Det:Art,Det:Demo,Indefinido,MSub,MSub:Pres,Prep,Pron,Pron:Objeto,SerEstar,SerEstar:Ser,PerfPerif	MarcadoresDisc,MarcadoresDisc:Causa,MarcadoresDisc:Igualdad,RecuDiscurso,RecuDiscurso:GanarTiempo		
MM015_1963_EP_SU2011_AD_09	Det,Det:Art,Det:Demo,Haber,Haber:Exist,Imperf,Indefinido,MSub,MSub:Pres,Prep,Prep:Por,Pron,Pron:Objeto,Pron:Sujeto,SerEstar,SerEstar:Estar,SerEstar:Ser,PerfPerif	MarcadoresDisc,MarcadoresDisc:Causa,MarcadoresDisc:Revision,RecuDiscurso,RecuDiscurso:GanarTiempo		Entities,Entities:Geo
MM015_1963_EP_SU2011_AD_10	Det,Det:Art,Det:Demo,Haber,Haber:Exist,Indefinido,MSub,MSub:Pres,MSub:Pret,Prep,Prep:Para,Prep:Por,Pron,Pron:Objeto,Pron:Otros,Pron:Sujeto,SerEstar,SerEstar:Estar,SerEstar:Ser,Gustar,Gustar:Propios,PerfPerif	MarcadoresDisc,MarcadoresDisc:Causa,MarcadoresDisc:Igualdad,MarcadoresDisc:Revision,MarcadoresDisc,MarcadoresDisc:Igualdad		Entities,Entities:Geo,Fraseol,Fraseol:VerbPrep
MM043_1986_CT_SU2011_ER_01	Det,Det:Art,Haber,Haber:Exist,Indefinido,Prep,Prep:Por,Pron,Pron:Objeto,SerEstar,SerEstar:Ser	MarcadoresDisc,MarcadoresDisc:Causa,MarcadoresDisc:Revision		
MM043_1986_CT_SU2011_ER_02	Det,Det:Art,Imperf,Indefinido,Prep,Pron,Pron:Objeto			Entities,Entities:Geo
MM043_1986_CT_SU2011_ER_03	Det,Det:Art,Haber,Haber:Exist,Imperf,Indefinido,MSub,MSub:Pres,MSub:Pret,Prep,Prep:Por,Pron,Pron:Objeto,Pron:Otros,Pron:Sujeto,SerEstar,SerEstar:Estar,SerEstar:Ser,Gustar,Gustar:Propios	MarcadoresDisc,MarcadoresDisc:Causa,MarcadoresDisc:Revision		Entities,Entities:Geo,Fraseol,Fraseol:VerbPrep
MM043_1986_CT_SU2011_ER_04	Det,Det:Art,Indefinido,Prep,Pron,Pron:Objeto,Pron:Otros,Pron:Sujeto,SerEstar,SerEstar:Ser,MSub,MSub:Pres,PerfPerif	MarcadoresDisc,MarcadoresDisc:Causa,MarcadoresDisc:Igualdad,MarcadoresDisc:Revision,RecuDiscurso,RecuDiscurso:GanarTiempo		Fraseol,Fraseol:VerbPrep
MM043_1986_CT_SU2011_ER_05	Det,Det:Art,Haber,Haber:Exist,Imperf,Indefinido,MSub,MSub:Pres,Prep,Prep:Para,Prep:Por,Pron,Pron:Objeto,Pron:Otros,Pron:Sujeto,SerEstar,SerEstar:Ser,Gustar,Gustar:Ajenos,Gustar:Propios,PerfPerif	MarcadoresDisc,MarcadoresDisc:Causa,MarcadoresDisc:Igualdad,MarcadoresDisc:Revision,RecuDiscurso,RecuDiscurso:GanarTiempo,MarcadoresDisc,MarcadoresDisc:Igualdad		Entities,Entities:Geo
MM043_1986_CT_SU2011_ER_06	Det,Det:Art,Det:Demo,Imperf,Indefinido,MSub,MSub:Pres,MSub:Pret,Prep,Prep:Por,Pron,Pron:Objeto,Pron:Sujeto,SerEstar,SerEstar:Estar,SerEstar:Ser,Gustar,Gustar:Propios	MarcadoresDisc,MarcadoresDisc:Causa,RecuDiscurso,RecuDiscurso:GanarTiempo		Entities,Entities:Geo,Fraseol,Fraseol:VerbPrep
MM043_1986_CT_SU2011_ER_07	Det,Det:Art,Det:Demo,Haber,Haber:Exist,Imperf,Indefinido,MSub,MSub:Pres,MSub:Pret,Prep,Prep:Para,Prep:Por,Pron,Pron:Objeto,Pron:Sujeto,SerEstar,SerEstar:Ser,Gustar,Gustar:Propios,PerfPerif	MarcadoresDisc,MarcadoresDisc:Revision,MarcadoresDisc,MarcadoresDisc:Igualdad,MarcadoresDisc:Revision		Entities,Entities:Geo
MM043_1986_CT_SU2011_ER_08	Det,Det:Art,Imperf,Indefinido,Prep,Prep:Para,Prep:Por,SerEstar,SerEstar:Ser	MarcadoresDisc,MarcadoresDisc:Causa		Entities,Entities:Geo
MM043_1986_CT_SU2011_ER_09	Det,Det:Art,Det:Demo,Haber,Haber:Exist,Imperf,Indefinido,MSub,MSub:Pres,MSub:Pret,Prep,Prep:Por,Pron,Pron:Objeto,Pron:Sujeto,SerEstar,SerEstar:Ser,PerfPerif	MarcadoresDisc,MarcadoresDisc:Revision		
MM043_1986_CT_SU2011_ER_10	Det,Det:Art,Haber,Haber:Exist,Indefinido,MSub,MSub:Pres,Prep,Prep:Por,Pron,Pron:Objeto,Pron:Sujeto,SerEstar,SerEstar:Estar,SerEstar:Ser,Gustar,Gustar:Propios,PerfPerif	MarcadoresDisc,MarcadoresDisc:Igualdad,MarcadoresDisc:Revision		Entities,Entities:Geo,Fraseol,Fraseol:VerbPrep
MM043_1986_CT_SU2011_ER_11	Det,Det:Art,Imperf,Indefinido,MSub,MSub:Pres,MSub:Pret,Prep,Prep:Para,Pron,Pron:Objeto,Pron:Sujeto,SerEstar,SerEstar:Estar,SerEstar:Ser,PerfPerif			Fraseol,Fraseol:VerbPrep
MM043_1986_CT_SU2011_ER_12	Det,Det:Art,Haber,Haber:Exist,Prep,Prep:Para,Pron,Pron:Objeto,Pron:Sujeto,SerEstar,SerEstar:Ser,PerfPerif			
MM043_1986_CT_SU2011_ER_13	Det,Det:Art,Det:Demo,Indefinido,MSub,MSub:Pres,MSub:Pret,Prep,Prep:Por,Pron,Pron:Objeto,Pron:Sujeto,SerEstar,SerEstar:Ser,Gustar,Gustar:Propios,PerfPerif	MarcadoresDisc,MarcadoresDisc:Revision,MarcadoresDisc,MarcadoresDisc:Igualdad		Entities,Entities:Geo
MM043_1986_CT_SU2011_ER_14	Det,Det:Art,Haber,Haber:Exist,MSub,MSub:Pres,Prep,Prep:Para,Prep:Por,Pron,Pron:Objeto,Pron:Sujeto,SerEstar,SerEstar:Estar,SerEstar:Ser,PerfPerif	MarcadoresDisc,MarcadoresDisc:Causa,MarcadoresDisc:Revision,MarcadoresDisc,MarcadoresDisc:Igualdad		Entities,Entities:Geo,Fraseol,Fraseol:VerbPrep
MM043_1986_CT_SU2011_ER_15	Det,Det:Art,Haber,Haber:Exist,Imperf,Indefinido,MSub,MSub:Pres,MSub:Pret,Prep,Prep:Para,Prep:Por,Pron,Pron:Objeto,Pron:Otros,Pron:Sujeto,SerEstar,SerEstar:Ser,PerfPerif	MarcadoresDisc,MarcadoresDisc:Causa,MarcadoresDisc:Revision,MarcadoresDisc,MarcadoresDisc:Igualdad		Entities,Entities:Geo
MM043_1986_CT_SU2011_ER_16	Det,Det:Art,Det:Demo,Haber,Haber:Exist,Imperf,MSub,MSub:Pres,MSub:Pret,Prep,Prep:Por,Pron,Pron:Objeto,Pron:Otros,Pron:Sujeto,SerEstar,SerEstar:Estar,SerEstar:Ser,Gustar,Gustar:Propios,PerfPerif	MarcadoresDisc,MarcadoresDisc:Causa,MarcadoresDisc:Revision,MarcadoresDisc,MarcadoresDisc:Igualdad		Entities,Entities:Geo,Fraseol,Fraseol:VerbPrep
MM052_1989_GV_FA2011_JT_01	Det,Det:Art,Imperf,Indefinido,Prep,Pron,Pron:Objeto,SerEstar,SerEstar:Estar,Gustar,Gustar:Ajenos,PerfPerif	MarcadoresDisc,MarcadoresDisc:Causa,RecuDiscurso,RecuDiscurso:GanarTiempo		
MM052_1989_GV_FA2011_JT_02	Det,Det:Art,MSub,MSub:Pres,Prep,Pron,Pron:Objeto,Pron:Otros,SerEstar,SerEstar:Estar	RecuDiscurso,RecuDiscurso:GanarTiempo		
MM052_1989_GV_FA2011_JT_03	Det,Det:Art,Prep,Pron,Pron:Objeto,SerEstar,SerEstar:Estar,SerEstar:Ser	MarcadoresDisc,MarcadoresDisc:Igualdad,RecuDiscurso,RecuDiscurso:GanarTiempo,MarcadoresDisc,MarcadoresDisc:Igualdad		
MM052_1989_GV_FA2011_JT_04	Det,Det:Art,Imperf,Indefinido,MSub,MSub:Pret,Prep,Prep:Por,Pron,Pron:Objeto,Pron:Sujeto,SerEstar,SerEstar:Estar,SerEstar:Ser,Gustar,Gustar:Propios	MarcadoresDisc,MarcadoresDisc:Causa,MarcadoresDisc:Revision,MarcadoresDisc,MarcadoresDisc:Igualdad		
MM052_1989_GV_FA2011_JT_05	Det,Det:Art,Indefinido,MSub,MSub:Pres,Prep,Prep:Para,Prep:Por,Pron,Pron:Objeto,Pron:Otros,Pron:Sujeto,SerEstar,SerEstar:Estar,SerEstar:Ser	MarcadoresDisc,MarcadoresDisc:Igualdad,MarcadoresDisc:Revision,RecuDiscurso,RecuDiscurso:GanarTiempo,MarcadoresDisc,MarcadoresDisc:Causa,MarcadoresDisc:Igualdad		Fraseol,Fraseol:VerbPrep
MM052_1989_GV_FA2011_JT_06	Det,Det:Art,Prep,Prep:Para,Pron,Pron:Sujeto,SerEstar,SerEstar:Estar,SerEstar:Ser	MarcadoresDisc,MarcadoresDisc:Igualdad	Contacto,Contacto:Mixtas	Fraseol,Fraseol:VerbPrep
OM022_1963_CT_SU2011_VA_01	Det,Det:Art,Haber,Haber:Exist,Imperf,Indefinido,MSub,MSub:Pres,MSub:Pret,Prep,Prep:Para,Prep:Por,Pron,Pron:Objeto,Pron:Sujeto,SerEstar,SerEstar:Estar,SerEstar:Ser	MarcadoresDisc,MarcadoresDisc:Causa,MarcadoresDisc:Revision		
OM022_1963_CT_SU2011_VA_02	Det,Det:Art,Imperf,Indefinido,MSub,MSub:Pres,Prep,Pron,Pron:Objeto,Pron:Otros,Pron:Sujeto,SerEstar,SerEstar:Estar,SerEstar:Ser	MarcadoresDisc,MarcadoresDisc:Causa		Entities,Entities:Geo
OM022_1963_CT_SU2011_VA_03	Det,Det:Art,Det:Demo,Haber,Haber:Exist,Imperf,Indefinido,MSub,MSub:Pres,MSub:Pret,Prep,Pron,Pron:Objeto,Pron:Sujeto,SerEstar,SerEstar:Estar,SerEstar:Ser	MarcadoresDisc,MarcadoresDisc:Causa,MarcadoresDisc:Revision		
OM022_1963_CT_SU2011_VA_04	Det,Det:Art,Det:Demo,Imperf,Indefinido,MSub,MSub:Pres,MSub:Pret,Prep,Prep:Para,Prep:Por,Pron,Pron:Objeto,Pron:Sujeto,SerEstar,SerEstar:Estar,SerEstar:Ser,Gustar,Gustar:Propios	MarcadoresDisc,MarcadoresDisc:Causa,RecuDiscurso,RecuDiscurso:GanarTiempo		Fraseol,Fraseol:VerbPrep
OM022_1963_CT_SU2011_VA_05	Det,Det:Art,Det:Demo,Gustar,Gustar:Interlocutor,Haber,Haber:Exist,Imperf,Indefinido,MSub,MSub:Pres,Prep,Prep:Para,Prep:Por,Pron,Pron:Objeto,Pron:Otros,Pron:Sujeto,SerEstar,SerEstar:Estar,SerEstar:Ser	MarcadoresDisc,MarcadoresDisc:Causa,MarcadoresDisc:Revision,MarcadoresDisc,MarcadoresDisc:Igualdad		Fraseol,Fraseol:VerbPrep
OM022_1963_CT_SU2011_VA_06	Det,Det:Art,Haber,Haber:Exist,Imperf,Indefinido,Prep,Prep:Para,Pron,Pron:Objeto,Pron:Sujeto,SerEstar,SerEstar:Estar,SerEstar:Ser	MarcadoresDisc,MarcadoresDisc:Causa,MarcadoresDisc:Revision		
OM022_1963_CT_SU2011_VA_07	Det,Det:Art,Det:Demo,Haber,Haber:Exist,Imperf,Indefinido,MSub,MSub:Pres,MSub:Pret,Prep,Prep:Por,Pron,Pron:Objeto,Pron:Otros,Pron:Sujeto,SerEstar,SerEstar:Estar,SerEstar:Ser	MarcadoresDisc,MarcadoresDisc:Causa,MarcadoresDisc:Igualdad,MarcadoresDisc:Revision,MarcadoresDisc,MarcadoresDisc:Causa		Fraseol,Fraseol:VerbPrep
OM022_1963_CT_SU2011_VA_08	Det,Det:Art,Det:Demo,Imperf,Indefinido,MSub,MSub:Pres,Prep,Pron,Pron:Objeto,Pron:Sujeto,SerEstar,SerEstar:Estar,SerEstar:Ser	MarcadoresDisc,MarcadoresDisc:Causa,MarcadoresDisc:Revision		
OM022_1963_CT_SU2011_VA_09	Det,Det:Art,Det:Demo,Haber,Haber:Exist,Indefinido,MSub,MSub:Pres,MSub:Pret,Prep,Prep:Para,Prep:Por,Pron,Pron:Objeto,Pron:Otros,Pron:Sujeto,SerEstar,SerEstar:Estar,SerEstar:Ser,Pron,Pron:ObjetoDoble	MarcadoresDisc,MarcadoresDisc:Causa,MarcadoresDisc:Igualdad,MarcadoresDisc:Revision		
OM022_1963_CT_SU2011_VA_10	Det,Det:Art,Det:Demo,Haber,Haber:Exist,Imperf,Indefinido,MSub,MSub:Pres,Prep,Prep:Por,Pron,Pron:Objeto,Pron:Otros,Pron:Sujeto,SerEstar,SerEstar:Estar,SerEstar:Ser	MarcadoresDisc,MarcadoresDisc:Causa,MarcadoresDisc:Revision		
OM022_1963_CT_SU2011_VA_11	Det,Det:Art,Det:Demo,Haber,Haber:Exist,Imperf,Indefinido,MSub,MSub:Pres,MSub:Pret,Prep,Prep:Para,Pron,Pron:Objeto,Pron:Sujeto,SerEstar,SerEstar:Ser,Gustar,Gustar:Propios	MarcadoresDisc,MarcadoresDisc:Revision		Fraseol,Fraseol:VerbPrep
OM022_1963_CT_SU2011_VA_12	Det,Det:Art,Haber,Haber:Exist,Imperf,Indefinido,MSub,MSub:Pres,Prep,Prep:Para,Prep:Por,Pron,Pron:Objeto,Pron:Otros,Pron:Sujeto,SerEstar,SerEstar:Estar,SerEstar:Ser,Gustar,Gustar:Propios	MarcadoresDisc,MarcadoresDisc:Causa,MarcadoresDisc:Revision		
OM023_1962_CT_SU2011_VA_01	Det,Det:Art,Haber,Haber:Exist,Indefinido,MSub,MSub:Pres,Prep,Pron,Pron:Objeto,Pron:Sujeto,SerEstar,SerEstar:Estar,SerEstar:Ser	MarcadoresDisc,MarcadoresDisc:Igualdad,MarcadoresDisc:Revision,MarcadoresDisc,MarcadoresDisc:Igualdad		
OM023_1962_CT_SU2011_VA_02	Det,Det:Art,Det:Demo,Haber,Haber:Exist,Imperf,Indefinido,MSub,MSub:Pres,MSub:Pret,Prep,Prep:Para,Prep:Por,Pron,Pron:Objeto,Pron:Otros,Pron:Sujeto,SerEstar,SerEstar:Estar,SerEstar:Ser	MarcadoresDisc,MarcadoresDisc:Causa,MarcadoresDisc:Revision,MarcadoresDisc,MarcadoresDisc:Igualdad		Fraseol,Fraseol:VerbPrep
OM023_1962_CT_SU2011_VA_03	Det,Det:Art,Det:Demo,Haber,Haber:Exist,Imperf,Indefinido,MSub,MSub:Pres,Prep,Prep:Para,Prep:Por,Pron,Pron:Objeto,Pron:Sujeto,SerEstar,SerEstar:Estar,SerEstar:Ser	MarcadoresDisc,MarcadoresDisc:Causa,MarcadoresDisc,MarcadoresDisc:Igualdad		Entities,Entities:Geo
OM023_1962_CT_SU2011_VA_04	Det,Det:Art,Haber,Haber:Exist,Imperf,Indefinido,MSub,MSub:Pres,MSub:Pret,Prep,Prep:Para,Prep:Por,Pron,Pron:Objeto,Pron:Sujeto,SerEstar,SerEstar:Estar,SerEstar:Ser,PerfPerif	MarcadoresDisc,MarcadoresDisc:Causa,MarcadoresDisc:Igualdad,MarcadoresDisc:Revision,MarcadoresDisc,MarcadoresDisc:Igualdad,MarcadoresDisc:Revision		Entities,Entities:Geo,Fraseol,Fraseol:VerbPrep
OM023_1962_CT_SU2011_VA_05	Det,Det:Art,Det:Demo,Haber,Haber:Exist,Imperf,Indefinido,MSub,MSub:Pres,Prep,Prep:Por,Pron,Pron:Objeto,Pron:Sujeto,SerEstar,SerEstar:Estar,SerEstar:Ser,Gustar,Gustar:Otros,PerfPerif	MarcadoresDisc,MarcadoresDisc:Causa,MarcadoresDisc:Igualdad,MarcadoresDisc:Revision,MarcadoresDisc,MarcadoresDisc:Igualdad,MarcadoresDisc:Revision		Entities,Entities:Geo
OM023_1962_CT_SU2011_VA_06	Det,Det:Art,Det:Demo,Haber,Haber:Exist,Imperf,Indefinido,MSub,MSub:Pres,MSub:Pret,Prep,Prep:Para,Prep:Por,Pron,Pron:Objeto,Pron:Sujeto,SerEstar,SerEstar:Estar,SerEstar:Ser,MSub,MSub:Pret,Pron,Pron:ObjetoDoble	MarcadoresDisc,MarcadoresDisc:Revision,MarcadoresDisc,MarcadoresDisc:Igualdad,MarcadoresDisc:Revision		Entities,Entities:Geo,Fraseol,Fraseol:VerbPrep
OM023_1962_CT_SU2011_VA_07	Det,Det:Art,Imperf,Indefinido,MSub,MSub:Pres,Prep,Prep:Para,Prep:Por,Pron,Pron:Objeto,Pron:Sujeto,SerEstar,SerEstar:Ser	MarcadoresDisc,MarcadoresDisc:Igualdad		Fraseol,Fraseol:VerbPrep
OM023_1962_CT_SU2011_VA_08	Det,Det:Art,Det:Demo,Haber,Haber:Exist,Imperf,Indefinido,MSub,MSub:Pres,MSub:Pret,Prep,Prep:Por,Pron,Pron:Objeto,Pron:Otros,Pron:Sujeto,SerEstar,SerEstar:Ser,PerfPerif	MarcadoresDisc,MarcadoresDisc:Revision,MarcadoresDisc,MarcadoresDisc:Igualdad		
OM023_1962_CT_SU2011_VA_09	Det,Det:Art,Imperf,Indefinido,MSub,MSub:Pres,Prep,Prep:Para,Pron,Pron:Objeto,Pron:Sujeto,SerEstar,SerEstar:Estar,SerEstar:Ser,PerfPerif	MarcadoresDisc,MarcadoresDisc:Revision		Fraseol,Fraseol:VerbPrep
OM023_1962_CT_SU2011_VA_10	Det,Det:Art,Imperf,Indefinido,MSub,MSub:Pres,Prep,Prep:Para,Prep:Por,Pron,Pron:Objeto,Pron:Sujeto,SerEstar,SerEstar:Estar,SerEstar:Ser,Gustar,Gustar:Ajenos,PerfPerif	MarcadoresDisc,MarcadoresDisc:Igualdad,MarcadoresDisc:Revision,MarcadoresDisc,MarcadoresDisc:Igualdad		
OM023_1962_CT_SU2011_VA_11	Det,Det:Art,Det:Demo,Imperf,Indefinido,MSub,MSub:Pres,Prep,Prep:Para,Prep:Por,Pron,Pron:Objeto,Pron:Sujeto,SerEstar,SerEstar:Estar,SerEstar:Ser	MarcadoresDisc,MarcadoresDisc:Revision,MarcadoresDisc,MarcadoresDisc:Igualdad		Fraseol,Fraseol:VerbPrep
OM024_1933_CT_SU2011_VA_01	Det,Det:Art,Haber,Haber:Exist,Imperf,Indefinido,Prep,Prep:Para,Pron,Pron:Objeto,Pron:Sujeto,SerEstar,SerEstar:Ser	MarcadoresDisc,MarcadoresDisc:Causa,MarcadoresDisc:Revision,MarcadoresDisc,MarcadoresDisc:Igualdad,MarcadoresDisc:Revision		Entities,Entities:Geo,Fraseol,Fraseol:VerbPrep
OM024_1933_CT_SU2011_VA_02	Det,Det:Art,Det:Demo,Imperf,Indefinido,MSub,MSub:Pres,MSub:Pret,Prep,Pron,Pron:Objeto,Pron:Sujeto,SerEstar,SerEstar:Estar,SerEstar:Ser,PerfPerif	MarcadoresDisc,MarcadoresDisc:Revision		Fraseol,Fraseol:VerbPrep
OM024_1933_CT_SU2011_VA_03	Det,Det:Art,Haber,Haber:Exist,Imperf,MSub,MSub:Pret,Prep,Prep:Por,Pron,Pron:Objeto,Pron:Sujeto,SerEstar,SerEstar:Estar,SerEstar:Ser			
OM024_1933_CT_SU2011_VA_04	Det,Det:Art,Det:Demo,Haber,Haber:Exist,Imperf,Indefinido,MSub,MSub:Pret,Prep,Pron,Pron:Objeto,Pron:Sujeto,SerEstar,SerEstar:Ser	MarcadoresDisc,MarcadoresDisc:Causa		
OM024_1933_CT_SU2011_VA_05	Det,Det:Art,Det:Demo,Imperf,Indefinido,MSub,MSub:Pres,MSub:Pret,Prep,Prep:Para,Pron,Pron:Objeto,Pron:Otros,Pron:Sujeto,SerEstar,SerEstar:Estar,SerEstar:Ser			
OM024_1933_CT_SU2011_VA_06	Det,Det:Art,Det:Demo,Imperf,MSub,MSub:Pret,Prep,Prep:Para,Prep:Por,Pron,Pron:Objeto,Pron:Sujeto,SerEstar,SerEstar:Ser	MarcadoresDisc,MarcadoresDisc:Igualdad		
OM024_1933_CT_SU2011_VA_07	Det,Det:Art,Det:Demo,Haber,Haber:Exist,Imperf,Indefinido,Prep,Pron,Pron:Objeto,Pron:Sujeto,SerEstar,SerEstar:Estar,SerEstar:Ser,Gustar,Gustar:Propios	MarcadoresDisc,MarcadoresDisc:Causa,MarcadoresDisc:Revision		
OM024_1933_CT_SU2011_VA_08	Det,Det:Art,Imperf,Indefinido,MSub,MSub:Pres,MSub:Pret,Prep,Prep:Para,Prep:Por,Pron,Pron:Objeto,Pron:Sujeto,SerEstar,SerEstar:Estar,SerEstar:Ser,Gustar,Gustar:Ajenos,Gustar:Propios,PerfPerif	MarcadoresDisc,MarcadoresDisc:Causa,MarcadoresDisc:Igualdad,MarcadoresDisc:Revision,MarcadoresDisc,MarcadoresDisc:Revision		
OM039_1985_CT_SU2011_ER_01	Det,Det:Art,Haber,Haber:Exist,Imperf,Indefinido,MSub,MSub:Pret,Prep,Prep:Por,Pron,Pron:Objeto,SerEstar,SerEstar:Ser	MarcadoresDisc,MarcadoresDisc:Causa,MarcadoresDisc:Revision,MarcadoresDisc,MarcadoresDisc:Igualdad		Entities,Entities:Geo
OM039_1985_CT_SU2011_ER_02	Det,Det:Art,Haber,Haber:Exist,Imperf,Indefinido,Prep,Prep:Por,Pron,Pron:Objeto,Pron:Sujeto,SerEstar,SerEstar:Estar,SerEstar:Ser	MarcadoresDisc,MarcadoresDisc:Causa,MarcadoresDisc:Igualdad,MarcadoresDisc:Revision		Entities,Entities:Geo,Fraseol,Fraseol:VerbPrep
OM039_1985_CT_SU2011_ER_03	Det,Det:Art,Haber,Haber:Exist,Imperf,Indefinido,MSub,MSub:Pres,Prep,Prep:Para,Prep:Por,Pron,Pron:Objeto,Pron:Otros,Pron:Sujeto,SerEstar,SerEstar:Estar,SerEstar:Ser,PerfPerif	MarcadoresDisc,MarcadoresDisc:Causa,MarcadoresDisc:Igualdad,MarcadoresDisc:Revision,RecuDiscurso,RecuDiscurso:GanarTiempo,MarcadoresDisc,MarcadoresDisc:Igualdad		Fraseol,Fraseol:VerbPrep
OM039_1985_CT_SU2011_ER_04	Det,Det:Art,Haber,Haber:Exist,Imperf,Indefinido,MSub,MSub:Pres,Prep,Prep:Para,Prep:Por,Pron,Pron:Objeto,Pron:Sujeto,SerEstar,SerEstar:Estar,PerfPerif	MarcadoresDisc,MarcadoresDisc:Causa,MarcadoresDisc:Revision,RecuDiscurso,RecuDiscurso:GanarTiempo,MarcadoresDisc,MarcadoresDisc:Igualdad		Entities,Entities:Geo
OM039_1985_CT_SU2011_ER_05	Det,Det:Art,Haber,Haber:Exist,Indefinido,MSub,MSub:Pres,Prep,Prep:Para,Prep:Por,Pron,Pron:Objeto,Pron:Otros,Pron:Sujeto,SerEstar,SerEstar:Estar,SerEstar:Ser	MarcadoresDisc,MarcadoresDisc:Causa,MarcadoresDisc:Igualdad,MarcadoresDisc:Revision,MarcadoresDisc,MarcadoresDisc:Igualdad		
OM039_1985_CT_SU2011_ER_06	Det,Det:Art,Det:Demo,Haber,Haber:Exist,Imperf,MSub,MSub:Pres,Prep,Prep:Para,Prep:Por,Pron,Pron:Objeto,Pron:Sujeto,SerEstar,SerEstar:Estar,SerEstar:Ser,Gustar,Gustar:Propios,Pron,Pron:ObjetoDoble	MarcadoresDisc,MarcadoresDisc:Causa,MarcadoresDisc:Igualdad,MarcadoresDisc:Revision,RecuDiscurso,RecuDiscurso:GanarTiempo,MarcadoresDisc,MarcadoresDisc:Igualdad		
OM039_1985_CT_SU2011_ER_07	Det,Det:Art,Indefinido,Prep,Prep:Para,Prep:Por,Pron,Pron:Objeto,Pron:Sujeto,SerEstar,SerEstar:Estar,SerEstar:Ser,Gustar,Gustar:Ajenos,PerfPerif	MarcadoresDisc,MarcadoresDisc:Causa,MarcadoresDisc:Igualdad,MarcadoresDisc:Revision,MarcadoresDisc,MarcadoresDisc:Igualdad,MarcadoresDisc:Revision		Entities,Entities:Geo
OM039_1985_CT_SU2011_ER_08	Det,Det:Art,Det:Demo,Haber,Haber:Exist,Prep,Prep:Por,Pron,Pron:Objeto,Pron:Sujeto,SerEstar,SerEstar:Estar,SerEstar:Ser	MarcadoresDisc,MarcadoresDisc:Causa,MarcadoresDisc:Igualdad,MarcadoresDisc:Revision,MarcadoresDisc,MarcadoresDisc:Igualdad		
OM039_1985_CT_SU2011_ER_09	Det,Det:Art,Det:Demo,Haber,Haber:Exist,Imperf,MSub,MSub:Pres,Prep,Prep:Para,Prep:Por,Pron,Pron:Objeto,Pron:Otros,Pron:Sujeto,SerEstar,SerEstar:Estar,SerEstar:Ser,Gustar,Gustar:Propios,MSub,MSub:Pret,PerfPerif	MarcadoresDisc,MarcadoresDisc:Causa,MarcadoresDisc:Revision,MarcadoresDisc,MarcadoresDisc:Igualdad		Fraseol,Fraseol:VerbPrep
OM039_1985_CT_SU2011_ER_10	Det,Det:Art,Det:Demo,Haber,Haber:Exist,Imperf,Indefinido,MSub,MSub:Pres,Prep,Prep:Por,Pron,Pron:Objeto,Pron:Otros,Pron:Sujeto,SerEstar,SerEstar:Estar,SerEstar:Ser,MSub,MSub:Pres	MarcadoresDisc,MarcadoresDisc:Igualdad,MarcadoresDisc:Revision,MarcadoresDisc,MarcadoresDisc:Igualdad	Contacto,Contacto:Mixtas	
OM039_1985_CT_SU2011_ER_11	Det,Det:Art,Det:Demo,Haber,Haber:Exist,Imperf,MSub,MSub:Pres,Prep,Prep:Para,Prep:Por,Pron,Pron:Objeto,Pron:Otros,Pron:Sujeto,SerEstar,SerEstar:Estar,SerEstar:Ser,PerfPerif	MarcadoresDisc,MarcadoresDisc:Causa,MarcadoresDisc:Igualdad,MarcadoresDisc:Revision,MarcadoresDisc,MarcadoresDisc:Igualdad		
